source,line,endpoint_expression,status
frontend_web/src/layouts/TopBarActions.tsx,777,/client-profile/pharmacies/,Source reference; not live verified
frontend_web/src/pages/dashboard/admin/AdminOverview.tsx,30,/client-profile/pill-rewards/balance/,Source reference; not live verified
frontend_web/src/pages/dashboard/admin/AdminOverview.tsx,49,/client-profile/dashboard/owner/,Source reference; not live verified
frontend_web/src/pages/dashboard/organization/OrganizationOverviewPage.tsx,79,/client-profile/pill-rewards/balance/,Source reference; not live verified
frontend_web/src/pages/dashboard/sidebar/ActiveShiftsPage/hooks/useShareShift.ts,22,/client-profile/pill-rewards/refer-shift/,Source reference; not live verified
frontend_web/src/pages/dashboard/sidebar/ActiveShiftsPage/index.tsx,409,/client-profile/pill-rewards/pay-shift/,Source reference; not live verified
frontend_web/src/pages/dashboard/sidebar/ActiveShiftsPage/index.tsx,430,/billing/charge-fulfillment/${shift.id}/,Source reference; not live verified
frontend_web/src/pages/dashboard/sidebar/ActiveShiftsPage/index.tsx,977,/client-profile/shift-offers/${offerId}/buzz/,Source reference; not live verified
frontend_web/src/pages/dashboard/sidebar/ManageMembershipsPage.tsx,76,/client-profile/my-memberships/,Source reference; not live verified
frontend_web/src/pages/dashboard/sidebar/ManageMembershipsPage.tsx,93,/client-profile/my-memberships/${membership.id}/${action}/,Source reference; not live verified
frontend_web/src/pages/dashboard/sidebar/OverviewPageStaff.tsx,114,/client-profile/dashboard/pharmacist/,Source reference; not live verified
frontend_web/src/pages/dashboard/sidebar/OverviewPageStaff.tsx,116,/client-profile/dashboard/otherstaff/,Source reference; not live verified
frontend_web/src/pages/dashboard/sidebar/owner/membershipApi.ts,15,/client-profile/memberships/,Source reference; not live verified
frontend_web/src/pages/dashboard/sidebar/owner/OwnerBillingPage.tsx,85,/billing/subscription/,Source reference; not live verified
frontend_web/src/pages/dashboard/sidebar/owner/OwnerBillingPage.tsx,167,/billing/subscription/seats/,Source reference; not live verified
frontend_web/src/pages/dashboard/sidebar/owner/OwnerOverviewContainer.tsx,172,/client-profile/dashboard/owner/,Source reference; not live verified
frontend_web/src/pages/dashboard/sidebar/owner/OwnerOverviewHome.tsx,136,/client-profile/pill-rewards/balance/,Source reference; not live verified
frontend_web/src/pages/dashboard/sidebar/PharmacyCalendarPage.tsx,272,/client-profile/calendar-feed/,Source reference; not live verified
frontend_web/src/pages/dashboard/sidebar/PharmacyCalendarPage.tsx,514,/client-profile/calendar-events/${editingEventId}/,Source reference; not live verified
frontend_web/src/pages/dashboard/sidebar/PharmacyCalendarPage.tsx,516,/client-profile/calendar-events/,Source reference; not live verified
frontend_web/src/pages/dashboard/sidebar/PharmacyCalendarPage.tsx,580,/client-profile/work-notes/${editingNoteId}/,Source reference; not live verified
frontend_web/src/pages/dashboard/sidebar/PharmacyCalendarPage.tsx,582,/client-profile/work-notes/,Source reference; not live verified
frontend_web/src/pages/dashboard/sidebar/PharmacyCalendarPage.tsx,1215,/client-profile/calendar-events/${baseId}/,Source reference; not live verified
frontend_web/src/pages/dashboard/sidebar/PharmacyCalendarPage.tsx,1248,/client-profile/work-notes/${baseId}/,Source reference; not live verified
frontend_web/src/pages/dashboard/sidebar/PharmacyCalendarPage.tsx,1269,/client-profile/work-notes/${baseId}/${action}/,Source reference; not live verified
frontend_web/src/pages/dashboard/sidebar/PostShiftPage.tsx,578,/client-profile/shift-description-templates/,Source reference; not live verified
frontend_web/src/pages/dashboard/sidebar/PostShiftPage.tsx,630,/client-profile/shift-description-templates/,Source reference; not live verified
frontend_web/src/pages/dashboard/sidebar/PostShiftPage.tsx,666,/client-profile/pharmacies/${pharmacyId}/,Source reference; not live verified
frontend_web/src/pages/dashboard/sidebar/rewards/PillsPage.tsx,76,/client-profile/pill-rewards/balance/,Source reference; not live verified
frontend_web/src/pages/dashboard/sidebar/rewards/PillsPage.tsx,93,/client-profile/pill-rewards/history/,Source reference; not live verified
frontend_web/src/pages/dashboard/sidebar/rewards/PillsPage.tsx,112,/client-profile/pill-rewards/referrals/,Source reference; not live verified
frontend_web/src/pages/dashboard/sidebar/ShiftsBoard/utils/submitCounterOffer.ts,16,/client-profile/shifts/${payload.shiftId}/counter-offers/,Source reference; not live verified
frontend_web/src/pages/MobileOTPVerify.tsx,56,/users/mobile/request-otp/,Source reference; not live verified
frontend_web/src/pages/MobileOTPVerify.tsx,76,/users/mobile/verify-otp/,Source reference; not live verified
frontend_web/src/pages/MobileOTPVerify.tsx,104,/users/mobile/resend-otp/,Source reference; not live verified
frontend_web/src/pages/onboarding/OwnerOnboarding.tsx,234,/billing/subscription/,Source reference; not live verified
frontend_web/src/pages/onboarding/OwnerOnboarding.tsx,355,/client-profile/pill-rewards/refer-friend/,Source reference; not live verified
frontend_mobile/app/admin/index.tsx,32,/client-profile/pill-rewards/balance/,Source reference; not live verified
frontend_mobile/app/admin/index.tsx,33,/client-profile/dashboard/owner/,Source reference; not live verified
frontend_mobile/constants/api.ts,12,/users/login/,Source reference; not live verified
frontend_mobile/constants/api.ts,13,/users/register/,Source reference; not live verified
frontend_mobile/constants/api.ts,14,/users/token/refresh/,Source reference; not live verified
frontend_mobile/context/AuthContext.tsx,153,/users/me/,Source reference; not live verified
frontend_mobile/context/AuthContext.tsx,279,/users/login/,Source reference; not live verified
frontend_mobile/context/AuthContext.tsx,336,/users/me/,Source reference; not live verified
frontend_mobile/context/AuthContext.tsx,360,/users/register/,Source reference; not live verified
frontend_mobile/context/AuthContext.tsx,405,/users/verify-otp/,Source reference; not live verified
frontend_mobile/context/AuthContext.tsx,421,/users/resend-otp/,Source reference; not live verified
frontend_mobile/context/AuthContext.tsx,485,/users/logout/,Source reference; not live verified
frontend_mobile/roles/organization/dashboard.tsx,51,/client-profile/pill-rewards/balance/,Source reference; not live verified
frontend_mobile/roles/organization/profile.tsx,68,/client-profile/pill-rewards/balance/,Source reference; not live verified
frontend_mobile/roles/organization/profile.tsx,87,/client-profile/pill-rewards/refer-friend/,Source reference; not live verified
frontend_mobile/roles/owner/dashboard.tsx,72,/client-profile/pill-rewards/balance/,Source reference; not live verified
frontend_mobile/roles/owner/profile.tsx,59,/billing/subscription/,Source reference; not live verified
frontend_mobile/roles/owner/profile.tsx,162,/client-profile/pill-rewards/refer-friend/,Source reference; not live verified
frontend_mobile/roles/owner/subscription-seats.tsx,43,/billing/subscription/,Source reference; not live verified
frontend_mobile/roles/owner/subscription-seats.tsx,126,/billing/subscription/seats/,Source reference; not live verified
frontend_mobile/roles/shared/calendar/index.tsx,273,/client-profile/calendar-feed/,Source reference; not live verified
frontend_mobile/roles/shared/calendar/index.tsx,527,/client-profile/calendar-events/${editingEventId}/,Source reference; not live verified
frontend_mobile/roles/shared/calendar/index.tsx,529,/client-profile/calendar-events/,Source reference; not live verified
frontend_mobile/roles/shared/calendar/index.tsx,593,/client-profile/work-notes/${editingNoteId}/,Source reference; not live verified
frontend_mobile/roles/shared/calendar/index.tsx,595,/client-profile/work-notes/,Source reference; not live verified
frontend_mobile/roles/shared/calendar/index.tsx,925,/client-profile/calendar-events/${baseId}/,Source reference; not live verified
frontend_mobile/roles/shared/calendar/index.tsx,959,/client-profile/work-notes/${baseId}/,Source reference; not live verified
frontend_mobile/roles/shared/calendar/index.tsx,983,/client-profile/work-notes/${baseId}/${action}/,Source reference; not live verified
frontend_mobile/roles/shared/dashboard/dashboardScope.tsx,109,/client-profile/dashboard/owner/,Source reference; not live verified
frontend_mobile/roles/shared/dashboard/dashboardScope.tsx,110,/client-profile/dashboard/pharmacist/,Source reference; not live verified
frontend_mobile/roles/shared/dashboard/dashboardScope.tsx,111,/client-profile/dashboard/otherstaff/,Source reference; not live verified
frontend_mobile/roles/shared/dashboard/dashboardScope.tsx,112,/client-profile/dashboard/organization/,Source reference; not live verified
frontend_mobile/roles/shared/hub/api.ts,141,/client-profile/hub/polls/${pollId}/comments/,Source reference; not live verified
frontend_mobile/roles/shared/hub/api.ts,147,/client-profile/hub/polls/${pollId}/comments/,Source reference; not live verified
frontend_mobile/roles/shared/hub/api.ts,152,/client-profile/hub/polls/${pollId}/comments/${commentId}/,Source reference; not live verified
frontend_mobile/roles/shared/hub/api.ts,157,/client-profile/hub/polls/${pollId}/comments/${commentId}/,Source reference; not live verified
frontend_mobile/roles/shared/hub/api.ts,161,/client-profile/hub/polls/${pollId}/reactions/,Source reference; not live verified
frontend_mobile/roles/shared/hub/api.ts,168,/client-profile/hub/polls/${pollId}/reactions/,Source reference; not live verified
frontend_mobile/roles/shared/ManageMembershipsScreen.tsx,57,/client-profile/my-memberships/,Source reference; not live verified
frontend_mobile/roles/shared/ManageMembershipsScreen.tsx,75,/client-profile/my-memberships/${membership.id}/${action}/,Source reference; not live verified
frontend_mobile/roles/shared/pharmacies/membershipApi.ts,11,/client-profile/memberships/,Source reference; not live verified
frontend_mobile/roles/shared/pills/PillsScreen.tsx,76,/client-profile/pill-rewards/balance/,Source reference; not live verified
frontend_mobile/roles/shared/pills/PillsScreen.tsx,77,/client-profile/pill-rewards/history/,Source reference; not live verified
frontend_mobile/roles/shared/pills/PillsScreen.tsx,78,/client-profile/pill-rewards/referrals/,Source reference; not live verified
frontend_mobile/roles/shared/shifts/ActiveShiftsPage/hooks/useShareShift.ts,24,/client-profile/pill-rewards/refer-shift/,Source reference; not live verified
frontend_mobile/roles/shared/shifts/ActiveShiftsPage/index.tsx,307,/client-profile/pill-rewards/pay-shift/,Source reference; not live verified
frontend_mobile/roles/shared/shifts/ActiveShiftsPage/index.tsx,327,/billing/charge-fulfillment/${shift.id}/,Source reference; not live verified
frontend_mobile/roles/shared/shifts/ActiveShiftsPage/index.tsx,822,/client-profile/shift-offers/${offerId}/buzz/,Source reference; not live verified
frontend_mobile/roles/shared/shifts/ActiveShiftsView.tsx.backup,747,/billing/charge-fulfillment/${shift.id}/,Source reference; not live verified
frontend_mobile/roles/shared/shifts/PostShiftScreen.tsx,753,/client-profile/shift-description-templates/,Source reference; not live verified
frontend_mobile/roles/shared/shifts/PostShiftScreen.tsx,803,/client-profile/shift-description-templates/,Source reference; not live verified
frontend_mobile/roles/shared/shifts/PostShiftScreen.tsx,839,/client-profile/pharmacies/${pharmacyId}/,Source reference; not live verified
frontend_mobile/utils/apiClient.ts,121,/users/ws-ticket/,Source reference; not live verified
frontend_mobile/utils/authSession.ts,18,/users/token/refresh/,Source reference; not live verified
frontend_mobile/utils/pushNotifications.ts,70,/client-profile/device-tokens/,Source reference; not live verified
frontend_mobile/utils/unread.ts,5,/client-profile/rooms/?unread=1,Source reference; not live verified
shared-core/src/api.ts,331,/users/login/,Source reference; not live verified
shared-core/src/api.ts,334,/users/register/,Source reference; not live verified
shared-core/src/api.ts,337,/users/token/refresh/,Source reference; not live verified
shared-core/src/api.ts,340,/users/verify-otp/,Source reference; not live verified
shared-core/src/api.ts,343,/users/resend-otp/,Source reference; not live verified
shared-core/src/api.ts,346,/users/mobile/request-otp/,Source reference; not live verified
shared-core/src/api.ts,349,/users/mobile/verify-otp/,Source reference; not live verified
shared-core/src/api.ts,352,/users/mobile/resend-otp/,Source reference; not live verified
shared-core/src/api.ts,358,/users/me/,Source reference; not live verified
shared-core/src/api.ts,361,/users/password-reset/,Source reference; not live verified
shared-core/src/api.ts,364,/users/password-reset-confirm/,Source reference; not live verified
shared-core/src/api.ts,370,/users/invite-org-user/,Source reference; not live verified
shared-core/src/api.ts,374,/users/organization-memberships/${query},Source reference; not live verified
shared-core/src/api.ts,377,/users/organization-memberships/${id}/,Source reference; not live verified
shared-core/src/api.ts,380,/users/organization-memberships/${id}/,Source reference; not live verified
shared-core/src/api.ts,383,/users/organization-role-definitions/,Source reference; not live verified
shared-core/src/api.ts,386,/users/?search=${encodeURIComponent(query)},Source reference; not live verified
shared-core/src/api.ts,391,/client-profile/${safeRole}/onboarding/me/,Source reference; not live verified
shared-core/src/api.ts,396,/client-profile/${safeRole}/onboarding/me/,Source reference; not live verified
shared-core/src/api.ts,400,/client-profile/${safeRole}/onboarding/,Source reference; not live verified
shared-core/src/api.ts,405,/client-profile/${safeRole}/onboarding/me/,Source reference; not live verified
shared-core/src/api.ts,410,/client-profile/shifts/calculate-rates/,Source reference; not live verified
shared-core/src/api.ts,418,/client-profile/${safeRole}/onboarding/me/,Source reference; not live verified
shared-core/src/api.ts,424,/client-profile/onboarding/submit-reference/${token}/,Source reference; not live verified
shared-core/src/api.ts,427,/client-profile/onboarding/referee-reject/${pk}/${refIndex}/,Source reference; not live verified
shared-core/src/api.ts,430,/client-profile/owner-onboarding/claim/,Source reference; not live verified
shared-core/src/api.ts,434,/client-profile/organizations/,Source reference; not live verified
shared-core/src/api.ts,437,/client-profile/organizations/${id}/,Source reference; not live verified
shared-core/src/api.ts,440,/client-profile/organizations/,Source reference; not live verified
shared-core/src/api.ts,444,/client-profile/dashboard/organization/${orgId}/${query},Source reference; not live verified
shared-core/src/api.ts,449,/client-profile/pharmacies/${query},Source reference; not live verified
shared-core/src/api.ts,479,/client-profile/pharmacies/${id}/,Source reference; not live verified
shared-core/src/api.ts,483,/client-profile/pharmacies/,Source reference; not live verified
shared-core/src/api.ts,487,/client-profile/pharmacies/${id}/,Source reference; not live verified
shared-core/src/api.ts,490,/client-profile/pharmacies/lookup-abn/,Source reference; not live verified
shared-core/src/api.ts,493,/client-profile/pharmacies/${id}/,Source reference; not live verified
shared-core/src/api.ts,498,/client-profile/pharmacy-claims/${query},Source reference; not live verified
shared-core/src/api.ts,501,/client-profile/pharmacy-claims/${id}/,Source reference; not live verified
shared-core/src/api.ts,504,/client-profile/pharmacy-claims/${id}/approve/,Source reference; not live verified
shared-core/src/api.ts,507,/client-profile/pharmacy-claims/${id}/,Source reference; not live verified
shared-core/src/api.ts,512,/client-profile/pharmacy-admins/${query},Source reference; not live verified
shared-core/src/api.ts,515,/client-profile/pharmacy-admins/${id}/,Source reference; not live verified
shared-core/src/api.ts,518,/client-profile/pharmacy-admins/,Source reference; not live verified
shared-core/src/api.ts,521,/client-profile/pharmacy-admins/${id}/,Source reference; not live verified
shared-core/src/api.ts,541,/client-profile/chains/,Source reference; not live verified
shared-core/src/api.ts,544,/client-profile/chains/${id}/,Source reference; not live verified
shared-core/src/api.ts,547,/client-profile/chains/,Source reference; not live verified
shared-core/src/api.ts,550,/client-profile/chains/${id}/,Source reference; not live verified
shared-core/src/api.ts,553,/client-profile/chains/${id}/,Source reference; not live verified
shared-core/src/api.ts,556,/client-profile/chains/${id}/pharmacies/,Source reference; not live verified
shared-core/src/api.ts,559,/client-profile/chains/${chainId}/add_pharmacy/,Source reference; not live verified
shared-core/src/api.ts,562,/client-profile/chains/${chainId}/remove_pharmacy/,Source reference; not live verified
shared-core/src/api.ts,565,/client-profile/chains/${chainId}/add_user/,Source reference; not live verified
shared-core/src/api.ts,570,/client-profile/memberships/${query},Source reference; not live verified
shared-core/src/api.ts,574,/client-profile/my-memberships/${query},Source reference; not live verified
shared-core/src/api.ts,577,/client-profile/memberships/,Source reference; not live verified
shared-core/src/api.ts,584,/client-profile/memberships/bulk_invite/,Source reference; not live verified
shared-core/src/api.ts,591,/client-profile/memberships/${id}/,Source reference; not live verified
shared-core/src/api.ts,598,/client-profile/membership-invite-links/${query},Source reference; not live verified
shared-core/src/api.ts,601,/client-profile/membership-invite-links/,Source reference; not live verified
shared-core/src/api.ts,609,/client-profile/membership-applications/${query},Source reference; not live verified
shared-core/src/api.ts,612,/client-profile/membership-applications/${id}/approve/,Source reference; not live verified
shared-core/src/api.ts,618,/client-profile/membership-applications/${id}/reject/,Source reference; not live verified
shared-core/src/api.ts,621,/client-profile/memberships/,Source reference; not live verified
shared-core/src/api.ts,624,/client-profile/magic/memberships/${token}/,Source reference; not live verified
shared-core/src/api.ts,627,/client-profile/magic/memberships/${token}/apply/,Source reference; not live verified
shared-core/src/api.ts,632,/client-profile/community-shifts/${query},Source reference; not live verified
shared-core/src/api.ts,636,/client-profile/public-shifts/${query},Source reference; not live verified
shared-core/src/api.ts,639,/client-profile/shifts/active/,Source reference; not live verified
shared-core/src/api.ts,642,/client-profile/shifts/confirmed/,Source reference; not live verified
shared-core/src/api.ts,645,/client-profile/shifts/history/,Source reference; not live verified
shared-core/src/api.ts,648,/client-profile/my-confirmed-shifts/,Source reference; not live verified
shared-core/src/api.ts,652,/client-profile/my-history-shifts/${query},Source reference; not live verified
shared-core/src/api.ts,656,/client-profile/shift-interests/${query},Source reference; not live verified
shared-core/src/api.ts,660,/client-profile/shift-rejections/${query},Source reference; not live verified
shared-core/src/api.ts,663,/client-profile/shifts/${shiftId}/counter-offers/,Source reference; not live verified
shared-core/src/api.ts,666,/client-profile/shifts/${shiftId}/counter-offers/,Source reference; not live verified
shared-core/src/api.ts,674,/client-profile/shifts/${shiftId}/counter-offers/${offerId}/accept/${query},Source reference; not live verified
shared-core/src/api.ts,680,/client-profile/shifts/${shiftId}/counter-offers/${offerId}/reject/,Source reference; not live verified
shared-core/src/api.ts,684,/client-profile/shift-offers/${query},Source reference; not live verified
shared-core/src/api.ts,688,/client-profile/shift-offers/${offerId}/accept/,Source reference; not live verified
shared-core/src/api.ts,692,/client-profile/shift-offers/${offerId}/decline/,Source reference; not live verified
shared-core/src/api.ts,695,/client-profile/shift-offers/${offerId}/buzz/,Source reference; not live verified
shared-core/src/api.ts,698,/client-profile/community-shifts/${id},Source reference; not live verified
shared-core/src/api.ts,701,/client-profile/public-shifts/${id},Source reference; not live verified
shared-core/src/api.ts,704,/client-profile/shifts/active/${id},Source reference; not live verified
shared-core/src/api.ts,707,/client-profile/shifts/active/${id}/,Source reference; not live verified
shared-core/src/api.ts,711,/client-profile/shifts/${id}/member_status/${query},Source reference; not live verified
shared-core/src/api.ts,714,/client-profile/shifts/confirmed/${id}/,Source reference; not live verified
shared-core/src/api.ts,717,/client-profile/shifts/${id}/,Source reference; not live verified
shared-core/src/api.ts,720,/client-profile/community-shifts/,Source reference; not live verified
shared-core/src/api.ts,723,/client-profile/community-shifts/${id}/,Source reference; not live verified
shared-core/src/api.ts,726,/client-profile/community-shifts/${id}/,Source reference; not live verified
shared-core/src/api.ts,729,/client-profile/community-shifts/${id}/claim-shift/,Source reference; not live verified
shared-core/src/api.ts,735,/client-profile/shifts/${id}/express_interest/,Source reference; not live verified
shared-core/src/api.ts,741,/client-profile/community-shifts/${id}/express_interest/,Source reference; not live verified
shared-core/src/api.ts,747,/client-profile/public-shifts/${id}/express_interest/,Source reference; not live verified
shared-core/src/api.ts,753,/client-profile/shifts/${id}/reveal_profile/,Source reference; not live verified
shared-core/src/api.ts,759,/client-profile/shifts/${id}/accept_user/,Source reference; not live verified
shared-core/src/api.ts,762,/client-profile/community-shifts/${id}/escalate/,Source reference; not live verified
shared-core/src/api.ts,766,/client-profile/community-shifts/${id}/member_status/${query},Source reference; not live verified
shared-core/src/api.ts,769,/client-profile/community-shifts/${id}/reject/,Source reference; not live verified
shared-core/src/api.ts,775,/client-profile/shifts/${id}/reject/,Source reference; not live verified
shared-core/src/api.ts,781,/client-profile/shifts/${type}/${id}/view_assigned_profile/,Source reference; not live verified
shared-core/src/api.ts,787,/client-profile/shifts/${id}/generate-share-link/,Source reference; not live verified
shared-core/src/api.ts,791,/client-profile/shifts/owner/${query},Source reference; not live verified
shared-core/src/api.ts,794,/client-profile/shifts/,Source reference; not live verified
shared-core/src/api.ts,797,/client-profile/shifts/${id}/,Source reference; not live verified
shared-core/src/api.ts,800,/client-profile/shifts/${id}/applications/,Source reference; not live verified
shared-core/src/api.ts,803,/client-profile/shifts/${shiftId}/applications/${applicationId}/accept/,Source reference; not live verified
shared-core/src/api.ts,806,/client-profile/shifts/${shiftId}/applications/${applicationId}/reject/,Source reference; not live verified
shared-core/src/api.ts,810,/client-profile/public-job-board/${query},Source reference; not live verified
shared-core/src/api.ts,814,/client-profile/view-shared-shift/?${query},Source reference; not live verified
shared-core/src/api.ts,817,/client-profile/organizations/public/${slug}/,Source reference; not live verified
shared-core/src/api.ts,987,/client-profile/shifts/active/${shiftId}/escalate/,Source reference; not live verified
shared-core/src/api.ts,1055,/client-profile/roster-owner/${query},Source reference; not live verified
shared-core/src/api.ts,1059,/client-profile/roster-worker/${query},Source reference; not live verified
shared-core/src/api.ts,1062,/client-profile/roster/create-and-assign-shift/,Source reference; not live verified
shared-core/src/api.ts,1065,/client-profile/roster-shifts/${id}/,Source reference; not live verified
shared-core/src/api.ts,1068,/client-profile/roster-shifts/${id}/,Source reference; not live verified
shared-core/src/api.ts,1075,/client-profile/roster-shifts/${id}/escalate/,Source reference; not live verified
shared-core/src/api.ts,1079,/client-profile/roster-shifts/list-open-shifts/${query},Source reference; not live verified
shared-core/src/api.ts,1082,/client-profile/roster-shifts/create-open-shift/,Source reference; not live verified
shared-core/src/api.ts,1085,/client-profile/roster-owner/${id}/,Source reference; not live verified
shared-core/src/api.ts,1088,/client-profile/roster-owner/members-for-roster/?pharmacy_id=${pharmacyId},Source reference; not live verified
shared-core/src/api.ts,1091,/client-profile/roster-worker/pharmacies/,Source reference; not live verified
shared-core/src/api.ts,1137,/client-profile/leave-requests/,Source reference; not live verified
shared-core/src/api.ts,1140,/client-profile/leave-requests/,Source reference; not live verified
shared-core/src/api.ts,1143,/client-profile/leave-requests/${id}/,Source reference; not live verified
shared-core/src/api.ts,1146,/client-profile/leave-requests/${id}/approve/,Source reference; not live verified
shared-core/src/api.ts,1149,/client-profile/leave-requests/${id}/reject/,Source reference; not live verified
shared-core/src/api.ts,1152,/client-profile/leave-requests/${id}/,Source reference; not live verified
shared-core/src/api.ts,1156,/client-profile/worker-shift-requests/${query},Source reference; not live verified
shared-core/src/api.ts,1159,/client-profile/worker-shift-requests/,Source reference; not live verified
shared-core/src/api.ts,1162,/client-profile/worker-shift-requests/${id}/,Source reference; not live verified
shared-core/src/api.ts,1165,/client-profile/worker-shift-requests/${id}/approve/,Source reference; not live verified
shared-core/src/api.ts,1168,/client-profile/worker-shift-requests/${id}/reject/,Source reference; not live verified
shared-core/src/api.ts,1171,/client-profile/worker-shift-requests/${id}/,Source reference; not live verified
shared-core/src/api.ts,1209,/client-profile/user-availability/,Source reference; not live verified
shared-core/src/api.ts,1212,/client-profile/user-availability/${id}/,Source reference; not live verified
shared-core/src/api.ts,1215,/client-profile/user-availability/,Source reference; not live verified
shared-core/src/api.ts,1218,/client-profile/user-availability/${id}/,Source reference; not live verified
shared-core/src/api.ts,1221,/client-profile/user-availability/${id}/,Source reference; not live verified
shared-core/src/api.ts,1241,/client-profile/pill-rewards/balance/,Source reference; not live verified
shared-core/src/api.ts,1245,/client-profile/pill-rewards/rules/,Source reference; not live verified
shared-core/src/api.ts,1249,/client-profile/pill-rewards/referral-code/,Source reference; not live verified
shared-core/src/api.ts,1254,/client-profile/pill-rewards/history/${query},Source reference; not live verified
shared-core/src/api.ts,1259,/client-profile/pill-rewards/referrals/${query},Source reference; not live verified
shared-core/src/api.ts,1263,/client-profile/pill-rewards/refer-friend/,Source reference; not live verified
shared-core/src/api.ts,1270,/client-profile/pill-rewards/refer-shift/,Source reference; not live verified
shared-core/src/api.ts,1277,/client-profile/pill-rewards/claim/,Source reference; not live verified
shared-core/src/api.ts,1285,/client-profile/invoices/,Source reference; not live verified
shared-core/src/api.ts,1288,/client-profile/invoices/${id}/,Source reference; not live verified
shared-core/src/api.ts,1291,/client-profile/invoices/,Source reference; not live verified
shared-core/src/api.ts,1294,/client-profile/invoices/${id}/,Source reference; not live verified
shared-core/src/api.ts,1297,/client-profile/invoices/${id}/,Source reference; not live verified
shared-core/src/api.ts,1301,/client-profile/invoices/generate/,Source reference; not live verified
shared-core/src/api.ts,1304,/client-profile/invoices/preview/${id}/,Source reference; not live verified
shared-core/src/api.ts,1311,/client-profile/invoices/${id}/send/,Source reference; not live verified
shared-core/src/api.ts,1348,/client-profile/notifications/?page=${page},Source reference; not live verified
shared-core/src/api.ts,1351,/client-profile/notifications/mark-read/,Source reference; not live verified
shared-core/src/api.ts,1379,/client-profile/explorer-posts/,Source reference; not live verified
shared-core/src/api.ts,1382,/client-profile/explorer-posts/${id}/,Source reference; not live verified
shared-core/src/api.ts,1386,/client-profile/explorer-posts/feed/${query},Source reference; not live verified
shared-core/src/api.ts,1390,/client-profile/explorer-posts/public-feed/${query},Source reference; not live verified
shared-core/src/api.ts,1393,/client-profile/explorer-posts/by-profile/${profileId}/,Source reference; not live verified
shared-core/src/api.ts,1396,/client-profile/explorer-posts/${id}/view/,Source reference; not live verified
shared-core/src/api.ts,1399,/client-profile/explorer-posts/${id}/like/,Source reference; not live verified
shared-core/src/api.ts,1402,/client-profile/explorer-posts/${id}/unlike/,Source reference; not live verified
shared-core/src/api.ts,1406,/client-profile/explorer-posts/,Source reference; not live verified
shared-core/src/api.ts,1410,/client-profile/explorer/onboarding/me/,Source reference; not live verified
shared-core/src/api.ts,1413,/client-profile/explorer/onboarding/me/,Source reference; not live verified
shared-core/src/api.ts,1419,/client-profile/explorer/onboarding/me/,Source reference; not live verified
shared-core/src/api.ts,1426,/client-profile/explorer-posts/${id}/,Source reference; not live verified
shared-core/src/api.ts,1429,/client-profile/explorer-posts/${id}/,Source reference; not live verified
shared-core/src/api.ts,1434,/client-profile/ratings/${query},Source reference; not live verified
shared-core/src/api.ts,1437,/client-profile/ratings/,Source reference; not live verified
shared-core/src/api.ts,1441,/client-profile/ratings/summary/${query},Source reference; not live verified
shared-core/src/api.ts,1445,/client-profile/ratings/mine/${query},Source reference; not live verified
shared-core/src/api.ts,1448,/client-profile/ratings/pending/,Source reference; not live verified
shared-core/src/api.ts,1487,/client-profile/dashboard/owner/${query},Source reference; not live verified
shared-core/src/api.ts,1491,/client-profile/dashboard/pharmacist/${query},Source reference; not live verified
shared-core/src/api.ts,1495,/client-profile/dashboard/otherstaff/${query},Source reference; not live verified
shared-core/src/api.ts,1498,/client-profile/dashboard/explorer/,Source reference; not live verified
shared-core/src/api.ts,1502,/client-profile/hub/context/,Source reference; not live verified
shared-core/src/api.ts,1506,/client-profile/hub/groups/${query},Source reference; not live verified
shared-core/src/api.ts,1510,/client-profile/hub/groups/${id}/${params},Source reference; not live verified
shared-core/src/api.ts,1513,/client-profile/hub/groups/,Source reference; not live verified
shared-core/src/api.ts,1516,/client-profile/hub/groups/${id}/,Source reference; not live verified
shared-core/src/api.ts,1519,/client-profile/hub/groups/${id}/,Source reference; not live verified
shared-core/src/api.ts,1523,/client-profile/hub/posts/${query},Source reference; not live verified
shared-core/src/api.ts,1526,/client-profile/hub/posts/${id}/,Source reference; not live verified
shared-core/src/api.ts,1529,/client-profile/hub/posts/,Source reference; not live verified
shared-core/src/api.ts,1532,/client-profile/hub/posts/${id}/,Source reference; not live verified
shared-core/src/api.ts,1535,/client-profile/hub/posts/${id}/,Source reference; not live verified
shared-core/src/api.ts,1538,/client-profile/hub/posts/${id}/pin/,Source reference; not live verified
shared-core/src/api.ts,1541,/client-profile/hub/posts/${id}/unpin/,Source reference; not live verified
shared-core/src/api.ts,1544,/client-profile/hub/posts/${postId}/comments/,Source reference; not live verified
shared-core/src/api.ts,1547,/client-profile/hub/posts/${postId}/comments/,Source reference; not live verified
shared-core/src/api.ts,1550,/client-profile/hub/posts/${postId}/comments/${commentId}/,Source reference; not live verified
shared-core/src/api.ts,1553,/client-profile/hub/posts/${postId}/comments/${commentId}/,Source reference; not live verified
shared-core/src/api.ts,1556,/client-profile/hub/posts/${postId}/reactions/,Source reference; not live verified
shared-core/src/api.ts,1562,/client-profile/hub/posts/${postId}/reactions/,Source reference; not live verified
shared-core/src/api.ts,1565,/client-profile/hub/posts/${postId}/comments/${commentId}/reactions/,Source reference; not live verified
shared-core/src/api.ts,1571,/client-profile/hub/posts/${postId}/comments/${commentId}/reactions/,Source reference; not live verified
shared-core/src/api.ts,1575,/client-profile/hub/polls/${query},Source reference; not live verified
shared-core/src/api.ts,1578,/client-profile/hub/polls/${id}/,Source reference; not live verified
shared-core/src/api.ts,1581,/client-profile/hub/polls/,Source reference; not live verified
shared-core/src/api.ts,1584,/client-profile/hub/polls/${id}/vote/,Source reference; not live verified
shared-core/src/api.ts,1590,/client-profile/hub/polls/${pollId}/comments/,Source reference; not live verified
shared-core/src/api.ts,1593,/client-profile/hub/polls/${pollId}/comments/,Source reference; not live verified
shared-core/src/api.ts,1596,/client-profile/hub/polls/${pollId}/comments/${commentId}/,Source reference; not live verified
shared-core/src/api.ts,1599,/client-profile/hub/polls/${pollId}/comments/${commentId}/,Source reference; not live verified
shared-core/src/api.ts,1602,/client-profile/hub/polls/${pollId}/reactions/,Source reference; not live verified
shared-core/src/api.ts,1608,/client-profile/hub/polls/${pollId}/reactions/,Source reference; not live verified
shared-core/src/api.ts,1611,/client-profile/hub/polls/${id}/,Source reference; not live verified
shared-core/src/api.ts,1614,/client-profile/hub/polls/${id}/,Source reference; not live verified
shared-core/src/api.ts,1617,/client-profile/hub/pharmacies/${id}/profile/,Source reference; not live verified
shared-core/src/api.ts,1620,/client-profile/hub/organizations/${id}/profile/,Source reference; not live verified
shared-core/src/api.ts,2118,/client-profile/memberships/?pharmacy=${pharmacyId},Source reference; not live verified
shared-core/src/api.ts,2152,/client-profile/memberships/?organization=${organizationId}&page_size=500,Source reference; not live verified
shared-core/src/api.ts,2183,/client-profile/rooms/,Source reference; not live verified
shared-core/src/api.ts,2186,/client-profile/rooms/${id}/,Source reference; not live verified
shared-core/src/api.ts,2189,/client-profile/rooms/${id}/messages/,Source reference; not live verified
shared-core/src/api.ts,2192,/client-profile/rooms/${id}/messages/,Source reference; not live verified
shared-core/src/api.ts,2198,/client-profile/rooms/${id}/read/,Source reference; not live verified
shared-core/src/api.ts,2201,/client-profile/chat-participants/,Source reference; not live verified
shared-core/src/api.ts,2207,/client-profile/rooms/get-or-create-dm/,Source reference; not live verified
shared-core/src/api.ts,2210,/client-profile/rooms/get-or-create-group/,Source reference; not live verified
shared-core/src/api.ts,2213,/client-profile/rooms/get-or-create-dm-by-user/,Source reference; not live verified
shared-core/src/api.ts,2225,/client-profile/rooms/shift-contacts/,Source reference; not live verified
shared-core/src/api.ts,2228,/client-profile/messages/${messageId}/,Source reference; not live verified
shared-core/src/api.ts,2231,/client-profile/messages/${messageId}/,Source reference; not live verified
shared-core/src/api.ts,2234,/client-profile/messages/${messageId}/react/,Source reference; not live verified
shared-core/src/api.ts,2237,/client-profile/rooms/${roomId}/toggle-pin/,Source reference; not live verified
shared-core/src/api.ts,2240,/client-profile/rooms/${roomId}/,Source reference; not live verified
shared-core/src/api.ts,2480,/client-profile/calendar-events/${query},Source reference; not live verified
shared-core/src/api.ts,2489,/client-profile/calendar-events/${id}/,Source reference; not live verified
shared-core/src/api.ts,2507,/client-profile/calendar-events/,Source reference; not live verified
shared-core/src/api.ts,2528,/client-profile/calendar-events/${id}/,Source reference; not live verified
shared-core/src/api.ts,2547,/client-profile/calendar-events/${id}/,Source reference; not live verified
shared-core/src/api.ts,2563,/client-profile/work-notes/${query},Source reference; not live verified
shared-core/src/api.ts,2572,/client-profile/work-notes/${id}/,Source reference; not live verified
shared-core/src/api.ts,2590,/client-profile/work-notes/,Source reference; not live verified
shared-core/src/api.ts,2611,/client-profile/work-notes/${id}/,Source reference; not live verified
shared-core/src/api.ts,2630,/client-profile/work-notes/${id}/,Source reference; not live verified
shared-core/src/api.ts,2638,/client-profile/work-notes/${id}/mark_done/,Source reference; not live verified
shared-core/src/api.ts,2647,/client-profile/work-notes/${id}/mark_open/,Source reference; not live verified
shared-core/src/api.ts,2663,/client-profile/calendar-feed/${query},Source reference; not live verified
shared-core/src/api.ts,2681,/billing/subscribe/,Source reference; not live verified
shared-core/src/api.ts,2692,/billing/subscription/${query},Source reference; not live verified
shared-core/src/api.ts,2696,/billing/subscription/seats/,Source reference; not live verified
shared-core/src/api.ts,2706,/billing/charge-fulfillment/${shiftId}/,Source reference; not live verified
shared-core/src/api.ts,2712,/billing/charge-penalty/${shiftId}/,Source reference; not live verified
shared-core/src/constants/endpoints.ts,7,/users/login/,Source reference; not live verified
shared-core/src/constants/endpoints.ts,8,/users/register/,Source reference; not live verified
shared-core/src/constants/endpoints.ts,9,/users/token/refresh/,Source reference; not live verified
shared-core/src/constants/endpoints.ts,10,/users/verify-otp/,Source reference; not live verified
shared-core/src/constants/endpoints.ts,11,/users/resend-otp/,Source reference; not live verified
shared-core/src/constants/endpoints.ts,12,/account/,Source reference; not live verified
shared-core/src/constants/endpoints.ts,13,/users/contact/,Source reference; not live verified
shared-core/src/constants/endpoints.ts,17,/users/mobile/request-otp/,Source reference; not live verified
shared-core/src/constants/endpoints.ts,18,/users/mobile/verify-otp/,Source reference; not live verified
shared-core/src/constants/endpoints.ts,19,/users/mobile/resend-otp/,Source reference; not live verified
shared-core/src/constants/endpoints.ts,22,/client-profile/organizations/,Source reference; not live verified
shared-core/src/constants/endpoints.ts,25,/client-profile/dashboard/organization/${orgId}/,Source reference; not live verified
shared-core/src/constants/endpoints.ts,26,/client-profile/dashboard/owner/,Source reference; not live verified
shared-core/src/constants/endpoints.ts,27,/client-profile/dashboard/pharmacist/,Source reference; not live verified
shared-core/src/constants/endpoints.ts,28,/client-profile/dashboard/otherstaff/,Source reference; not live verified
shared-core/src/constants/endpoints.ts,29,/client-profile/dashboard/explorer/,Source reference; not live verified
shared-core/src/constants/endpoints.ts,34,/client-profile/${safeRole}/onboarding/me/,Source reference; not live verified
shared-core/src/constants/endpoints.ts,38,/client-profile/${safeRole}/onboarding/,Source reference; not live verified
shared-core/src/constants/endpoints.ts,46,/client-profile/onboarding/submit-reference/${token}/,Source reference; not live verified
shared-core/src/constants/endpoints.ts,49,/client-profile/onboarding/referee-reject/${pk}/${refIndex}/,Source reference; not live verified
shared-core/src/constants/endpoints.ts,52,/users/invite-org-user/,Source reference; not live verified
shared-core/src/constants/endpoints.ts,53,/users/organization-memberships/,Source reference; not live verified
shared-core/src/constants/endpoints.ts,54,/users/organization-role-definitions/,Source reference; not live verified
shared-core/src/constants/endpoints.ts,55,/users/password-reset/,Source reference; not live verified
shared-core/src/constants/endpoints.ts,56,/users/password-reset-confirm/,Source reference; not live verified
shared-core/src/constants/endpoints.ts,57,/client-profile/owner-onboarding/claim/,Source reference; not live verified
shared-core/src/constants/endpoints.ts,58,/client-profile/pharmacy-claims/,Source reference; not live verified
shared-core/src/constants/endpoints.ts,59,/client-profile/pharmacy-claims/${claimId}/,Source reference; not live verified
shared-core/src/constants/endpoints.ts,62,/client-profile/pharmacies/,Source reference; not live verified
shared-core/src/constants/endpoints.ts,63,/client-profile/pharmacies/${pharmacyId}/,Source reference; not live verified
shared-core/src/constants/endpoints.ts,66,/client-profile/user-availability/,Source reference; not live verified
shared-core/src/constants/endpoints.ts,67,/client-profile/user-availability/${id}/,Source reference; not live verified
shared-core/src/constants/endpoints.ts,70,/client-profile/chains/,Source reference; not live verified
shared-core/src/constants/endpoints.ts,71,/client-profile/chains/${chainId}/,Source reference; not live verified
shared-core/src/constants/endpoints.ts,72,/client-profile/chains/${chainId}/add_pharmacy/,Source reference; not live verified
shared-core/src/constants/endpoints.ts,73,/client-profile/chains/${chainId}/remove_pharmacy/,Source reference; not live verified
shared-core/src/constants/endpoints.ts,74,/client-profile/chains/${chainId}/add_user/,Source reference; not live verified
shared-core/src/constants/endpoints.ts,77,/users/,Source reference; not live verified
shared-core/src/constants/endpoints.ts,80,/client-profile/memberships/,Source reference; not live verified
shared-core/src/constants/endpoints.ts,81,/client-profile/memberships/,Source reference; not live verified
shared-core/src/constants/endpoints.ts,82,/client-profile/memberships/bulk_invite/,Source reference; not live verified
shared-core/src/constants/endpoints.ts,83,/client-profile/memberships/${membershipId}/,Source reference; not live verified
shared-core/src/constants/endpoints.ts,85,/client-profile/membership-invite-links/,Source reference; not live verified
shared-core/src/constants/endpoints.ts,86,/client-profile/membership-applications/,Source reference; not live verified
shared-core/src/constants/endpoints.ts,87,/client-profile/magic/memberships/${token}/,Source reference; not live verified
shared-core/src/constants/endpoints.ts,88,/client-profile/magic/memberships/${token}/apply/,Source reference; not live verified
shared-core/src/constants/endpoints.ts,92,/client-profile/community-shifts/,Source reference; not live verified
shared-core/src/constants/endpoints.ts,93,/client-profile/community-shifts/,Source reference; not live verified
shared-core/src/constants/endpoints.ts,94,/client-profile/community-shifts/${shiftId}/claim-shift/,Source reference; not live verified
shared-core/src/constants/endpoints.ts,95,/client-profile/public-shifts/,Source reference; not live verified
shared-core/src/constants/endpoints.ts,98,/client-profile/shifts/active/,Source reference; not live verified
shared-core/src/constants/endpoints.ts,99,/client-profile/shifts/confirmed/,Source reference; not live verified
shared-core/src/constants/endpoints.ts,100,/client-profile/shifts/history/,Source reference; not live verified
shared-core/src/constants/endpoints.ts,101,/client-profile/my-confirmed-shifts/,Source reference; not live verified
shared-core/src/constants/endpoints.ts,102,/client-profile/my-history-shifts/,Source reference; not live verified
shared-core/src/constants/endpoints.ts,104,/client-profile/shift-interests/,Source reference; not live verified
shared-core/src/constants/endpoints.ts,105,/client-profile/shift-rejections/,Source reference; not live verified
shared-core/src/constants/endpoints.ts,106,/client-profile/shift-saved/,Source reference; not live verified
shared-core/src/constants/endpoints.ts,109,/client-profile/shifts/${shiftId}/express_interest/,Source reference; not live verified
shared-core/src/constants/endpoints.ts,110,/client-profile/shifts/${shiftId}/reveal_profile/,Source reference; not live verified
shared-core/src/constants/endpoints.ts,111,/client-profile/shifts/${shiftId}/accept_user/,Source reference; not live verified
shared-core/src/constants/endpoints.ts,112,/client-profile/community-shifts/${id},Source reference; not live verified
shared-core/src/constants/endpoints.ts,113,/client-profile/public-shifts/${id},Source reference; not live verified
shared-core/src/constants/endpoints.ts,114,/client-profile/shifts/active/${id},Source reference; not live verified
shared-core/src/constants/endpoints.ts,115,/client-profile/shifts/confirmed/${id}/,Source reference; not live verified
shared-core/src/constants/endpoints.ts,116,/client-profile/community-shifts/${shiftId}/escalate/,Source reference; not live verified
shared-core/src/constants/endpoints.ts,117,/client-profile/community-shifts/${shiftId}/member_status/,Source reference; not live verified
shared-core/src/constants/endpoints.ts,118,/client-profile/community-shifts/${shiftId}/reject/,Source reference; not live verified
shared-core/src/constants/endpoints.ts,119,/client-profile/shifts/${id}/,Source reference; not live verified
shared-core/src/constants/endpoints.ts,120,/client-profile/shifts/${type}/${shiftId}/view_assigned_profile/,Source reference; not live verified
shared-core/src/constants/endpoints.ts,121,/client-profile/shifts/active/${shiftId}/member_status/,Source reference; not live verified
shared-core/src/constants/endpoints.ts,124,/client-profile/shifts/${shiftId}/generate-share-link/,Source reference; not live verified
shared-core/src/constants/endpoints.ts,125,/client-profile/public-job-board/,Source reference; not live verified
shared-core/src/constants/endpoints.ts,126,/client-profile/view-shared-shift/,Source reference; not live verified
shared-core/src/constants/endpoints.ts,129,/client-profile/roster-owner/,Source reference; not live verified
shared-core/src/constants/endpoints.ts,130,/client-profile/roster-worker/,Source reference; not live verified
shared-core/src/constants/endpoints.ts,131,/client-profile/roster/create-and-assign-shift/,Source reference; not live verified
shared-core/src/constants/endpoints.ts,134,/client-profile/leave-requests/,Source reference; not live verified
shared-core/src/constants/endpoints.ts,135,/client-profile/leave-requests/,Source reference; not live verified
shared-core/src/constants/endpoints.ts,136,/client-profile/leave-requests/${leaveId}/approve/,Source reference; not live verified
shared-core/src/constants/endpoints.ts,137,/client-profile/leave-requests/${leaveId}/reject/,Source reference; not live verified
shared-core/src/constants/endpoints.ts,140,/client-profile/worker-shift-requests/,Source reference; not live verified
shared-core/src/constants/endpoints.ts,141,/client-profile/worker-shift-requests/${id}/approve/,Source reference; not live verified
shared-core/src/constants/endpoints.ts,142,/client-profile/worker-shift-requests/${id}/reject/,Source reference; not live verified
shared-core/src/constants/endpoints.ts,145,/client-profile/roster-shifts/${shiftId}/,Source reference; not live verified
shared-core/src/constants/endpoints.ts,146,/client-profile/roster-shifts/${shiftId}/escalate/,Source reference; not live verified
shared-core/src/constants/endpoints.ts,147,/client-profile/roster-shifts/list-open-shifts/,Source reference; not live verified
shared-core/src/constants/endpoints.ts,148,/client-profile/roster-shifts/create-open-shift/,Source reference; not live verified
shared-core/src/constants/endpoints.ts,151,/client-profile/roster-owner/${assignmentId}/,Source reference; not live verified
shared-core/src/constants/endpoints.ts,155,/client-profile/invoices/,Source reference; not live verified
shared-core/src/constants/endpoints.ts,157,/client-profile/invoices/${id}/,Source reference; not live verified
shared-core/src/constants/endpoints.ts,159,/client-profile/invoices/generate/,Source reference; not live verified
shared-core/src/constants/endpoints.ts,160,/client-profile/invoices/preview/${id}/,Source reference; not live verified
shared-core/src/constants/endpoints.ts,161,/client-profile/invoices/${id}/pdf/,Source reference; not live verified
shared-core/src/constants/endpoints.ts,162,/client-profile/invoices/${id}/send/,Source reference; not live verified
shared-core/src/constants/endpoints.ts,166,/client-profile/rooms/,Source reference; not live verified
shared-core/src/constants/endpoints.ts,167,/client-profile/chat-participants/,Source reference; not live verified
shared-core/src/constants/endpoints.ts,168,/client-profile/rooms/${id}/,Source reference; not live verified
shared-core/src/constants/endpoints.ts,169,/client-profile/rooms/${id}/messages/,Source reference; not live verified
shared-core/src/constants/endpoints.ts,170,/client-profile/rooms/${id}/read/,Source reference; not live verified
shared-core/src/constants/endpoints.ts,171,/client-profile/notifications/,Source reference; not live verified
shared-core/src/constants/endpoints.ts,172,/client-profile/notifications/mark-read/,Source reference; not live verified
shared-core/src/constants/endpoints.ts,173,/client-profile/rooms/get-or-create-dm/,Source reference; not live verified
shared-core/src/constants/endpoints.ts,174,/client-profile/my-memberships/,Source reference; not live verified
shared-core/src/constants/endpoints.ts,175,/client-profile/memberships/,Source reference; not live verified
shared-core/src/constants/endpoints.ts,176,/client-profile/rooms/get-or-create-group/,Source reference; not live verified
shared-core/src/constants/endpoints.ts,177,/client-profile/rooms/get-or-create-dm-by-user/,Source reference; not live verified
shared-core/src/constants/endpoints.ts,181,/client-profile/explorer-posts/,Source reference; not live verified
shared-core/src/constants/endpoints.ts,182,/client-profile/explorer-posts/${id}/,Source reference; not live verified
shared-core/src/constants/endpoints.ts,183,/client-profile/explorer-posts/feed/,Source reference; not live verified
shared-core/src/constants/endpoints.ts,184,/client-profile/explorer-posts/by-profile/${profileId}/,Source reference; not live verified
shared-core/src/constants/endpoints.ts,185,/client-profile/explorer-posts/${id}/view/,Source reference; not live verified
shared-core/src/constants/endpoints.ts,186,/client-profile/explorer-posts/${id}/like/,Source reference; not live verified
shared-core/src/constants/endpoints.ts,187,/client-profile/explorer-posts/${id}/unlike/,Source reference; not live verified
shared-core/src/constants/endpoints.ts,191,/client-profile/ratings/,Source reference; not live verified
shared-core/src/constants/endpoints.ts,192,/client-profile/ratings/summary/,Source reference; not live verified
shared-core/src/constants/endpoints.ts,193,/client-profile/ratings/mine/,Source reference; not live verified
shared-core/src/constants/endpoints.ts,194,/client-profile/ratings/pending/,Source reference; not live verified
shared-core/src/constants/endpoints.ts,197,/client-profile/pharmacy-admins/,Source reference; not live verified
shared-core/src/constants/endpoints.ts,198,/client-profile/pharmacy-admins/${adminId}/,Source reference; not live verified
shared-core/src/constants/endpoints.ts,201,/client-profile/hub/context/,Source reference; not live verified
shared-core/src/constants/endpoints.ts,202,/client-profile/hub/posts/,Source reference; not live verified
shared-core/src/constants/endpoints.ts,203,/client-profile/hub/polls/,Source reference; not live verified
shared-core/src/constants/endpoints.ts,204,/client-profile/hub/polls/${pollId}/,Source reference; not live verified
shared-core/src/constants/endpoints.ts,205,/client-profile/hub/polls/${pollId}/vote/,Source reference; not live verified
shared-core/src/constants/endpoints.ts,206,/client-profile/hub/posts/${postId}/,Source reference; not live verified
shared-core/src/constants/endpoints.ts,207,/client-profile/hub/posts/${postId}/pin/,Source reference; not live verified
shared-core/src/constants/endpoints.ts,208,/client-profile/hub/posts/${postId}/unpin/,Source reference; not live verified
shared-core/src/constants/endpoints.ts,209,/client-profile/hub/posts/${postId}/comments/,Source reference; not live verified
shared-core/src/constants/endpoints.ts,211,/client-profile/hub/posts/${postId}/comments/${commentId}/reactions/,Source reference; not live verified
shared-core/src/constants/endpoints.ts,212,/client-profile/hub/posts/${postId}/reactions/,Source reference; not live verified
shared-core/src/constants/endpoints.ts,213,/client-profile/hub/groups/,Source reference; not live verified
shared-core/src/constants/endpoints.ts,214,/client-profile/hub/groups/${groupId}/,Source reference; not live verified
shared-core/src/constants/endpoints.ts,215,/client-profile/hub/pharmacies/${pharmacyId}/profile/,Source reference; not live verified
shared-core/src/constants/endpoints.ts,216,/client-profile/hub/organizations/${orgId}/profile/,Source reference; not live verified
