source,lines,sha256,review_flag
frontend_web/eslint.config.js,28,dc00c7db700d03834d04a172ea709593ae5ef1bc750eb55dfc521a60d9e1baa0,
frontend_web/index.html,24,b845cb52b813dcad5f1f7c03d6410347801fc9646aca841d8c1404b4d1332d93,
frontend_web/postcss.config.js,6,190c877db466995bf1482f4a16abd06e04a89ede3119341e2a86ff96e1737b27,
frontend_web/public/robots.txt,3,b23bad7e047d113b1486b99c09504720d4ed9aac7f338def6cb512bcdd928586,
frontend_web/src/__tmp_talent_import.txt,2,b0e12f4de402ad7d109f22cd39bfac2a9a269a6ec774e64612b594ef14bc3c8a,Backup/temp candidate; verify imports before removing
frontend_web/src/api/axiosInstance.ts,3,bd10c4cb5956e1986b7180bb6d01e422596b7369f9bba7c552d55731dfa3f32a,
frontend_web/src/api/hub.ts,42,306900070a9cc8d8117484fff63738636354eb8c21c542410ea2da7fa0a20675,
frontend_web/src/api/notifications.ts,6,46a1ad3b3bf289616493db35e04a497f519e1e5a72b9665457983e8216756018,
frontend_web/src/App.css,42,a0715e0a09edbd0fbde65816a75e0fa0fc8b314c5260c0768c19bf3aac22621a,
frontend_web/src/App.tsx,224,0131ce63568f9978eb1917041709d14b2ab200ff22726baf22559c7127ef0ff9,
frontend_web/src/components/AccountDeletionSection.tsx,155,dec14055e76553c753a40503ec9d76a7b0d7aff246b9587861161da4a1f5a96a,
frontend_web/src/components/AnimatedBackground.tsx,128,e7d1f0ea1384131b0ee83cfc43ffe0f82ea4e0d2aaf69e5dd0458dda5879253e,
frontend_web/src/components/coverPhoto/CoverPhotoUploader.tsx,273,4d8f23635f1a728d16e6a3fde48422d57a495ac5c229dbfd6eabf84d93c50687,
frontend_web/src/components/dashboard/DashboardOverviewTemplate.tsx,453,e999e79d8fb73d8845d27d43ae64a78d33c034499430b462ceb222700dea0ad9,
frontend_web/src/components/dashboard/RecentActivityDialog.tsx,130,7eb998d1035a686b52aabbde64f4a63a746782ea48fe6a1cb08f92d020ba80b5,
frontend_web/src/components/OwnerDashboardGate.tsx,50,1f3238ab0d07c701e2c2428fab8629f6d1218ea31221830277c37295a10ed942,
frontend_web/src/components/profilePhoto/ProfilePhotoUploader.tsx,258,153159cbbb912a441c02c61fb1960ce2f00c38c6313ee15f190a32c9dc50b4e1,
frontend_web/src/components/ProtectedRoute.tsx,101,622c0e3dbff1622115954ca9dde76f54f10e9b45e85dbee8f7ba27fc4410fa74,
frontend_web/src/components/PublicContactFormSection.tsx,142,34b82420574b758d03ab50bc17f04b69cf372039db1ff5cf213c1bba150cce2d,
frontend_web/src/components/PublicLogoTopBar.tsx,32,eaeba88f4782ac1e0ea6a02a0e8a3ada279632cdf2824d04829f1f6fd3711f61,
frontend_web/src/config/api.ts,34,1c22b4cd18122aa70f31a0ad2bfb9a00432fe2a4e0ebf91e75e276764dd4e5c3,
frontend_web/src/config-global.ts,13,0dd33da86c9ec0d45cf0cccfb6021294215a4d035abd8f9a77ee79ba82823d70,
frontend_web/src/constants/adminCapabilities.ts,8,75e8585d1815ac68a96f3a68c2614a51b3e94d0d2a233fbc14bc95df9c259aaa,
frontend_web/src/constants/ahpraConsent.ts,2,6579f4d5817eaa0f8c7fdde37fc3235b8f90aaed8061b8d9ae436c8f0a745820,
frontend_web/src/constants/api.ts,18,3c6c1387d359ee3e249287319d1822250ffbea284a1cb9590998594f87de87ce,
frontend_web/src/constants/roles.ts,3,49b8d412c9a20e3a3631153accc0c90c7c2419335b541ecf3307ebb5cbb22442,
frontend_web/src/constants/rosterColors.ts,1,8383598519cfb1f1e30bd32bd70c09c96ba1ef62fb8211df0ddc45666ccdf1c5,
frontend_web/src/contexts/AdminScopeContext.tsx,39,54c7a0cbe879b26a6a7b5a579cbfc840203c2e0989e27f578ad9141e680d7305,
frontend_web/src/contexts/AuthContext.tsx,562,a06c9241aca79d7dc1607d816204a3b6e55093685e81f6cb84ce9443351e314e,
frontend_web/src/contexts/DashboardNavigationContext.tsx,22,14e99fbced55065eda3076b6a3930d7a5744fb9e51a0b0b108fae169e4ca648b,
frontend_web/src/contexts/ToastContext.tsx,48,ccdfb3be48603a7b5a9f85e8d7470530ad5ef8ee2804a3ff1335247fe30d6cb7,
frontend_web/src/contexts/WorkspaceContext.tsx,88,f9a705f74b46af42e3d99f875932783d0cf65b7441b69e78b9edaa035d0c87f3,
frontend_web/src/hooks/useUnsavedChangesGuard.tsx,331,59adabaf452bc79a9db0e153144cd58c047e6d83023e806b3f6200332f651af9,
frontend_web/src/index.css,59,e70d5e57a1d5ef97ebf57404c3827532b15b4b35dc884c9c9634eb5769889b36,
frontend_web/src/layouts/adminDashboard.tsx,116,df3844397f10fe21fb189ec901aebd402b4eb1ba3f3f1c3cae460cb7a080184c,
frontend_web/src/layouts/AuthLayout.tsx,125,db7d371dad25309e26bcfcb86608d8d228b72fa99993bd0104d1b142e844aa47,
frontend_web/src/layouts/CustomAppTitle.tsx,107,65c95b1939081fbc2ea2fa9e8048e1f519ff6522a2a1a932d860e90e4264e1b1,
frontend_web/src/layouts/DashboardShell.tsx,184,f811f9372a0e468904f6387df9ab6ec755baccc94a007606a02040fd89dcaf7d,
frontend_web/src/layouts/DashboardSidebarFooter.tsx,383,1b1fbdb375aae0adb97df278ecdaa67c30c5853576edd08af49f069bec665ac5,
frontend_web/src/layouts/DashboardTopShell.tsx,843,bdb54bc1e320bc0e4f530a73759b454a87921c8ed1c819dc2363a7712d947e4f,
frontend_web/src/layouts/explorerDashboard.tsx,13,0ce6cf0fddab1c94e87e6cdffea4a664fddf469b6565d240c0fd48fbe34cc8dc,
frontend_web/src/layouts/HubDashboardWrapper.tsx,40,197783a1bcebaece677b1daf0bedc5a1381aef4030cf1324a2ce608658bf1947,
frontend_web/src/layouts/OrganizationDashboardWrapper.tsx,43,628073633102fbc285c520dffa8abf46493d3a14536e23e4fef0a3ccd4ed2ab4,
frontend_web/src/layouts/otherStaffDashboard.tsx,13,d7e0961981c0276d26614b7d2bb1d831b791e3af47e305c6c8c383dcd5670ce8,
frontend_web/src/layouts/ownerDashboard.tsx,13,2ef22b85595665a1a9390d809bcec72bb7cc8f1795a721d3b7d4c4fb798590b4,
frontend_web/src/layouts/pharmacistDashboard.tsx,73,0c39cbf5439fdabb184cf1eede1da94dcbcba1dfd92b3aad80403e2a12911bca,
frontend_web/src/layouts/TopBarActions.tsx,1769,08a40247504dc198859b32df5d71bc968298fe0333a3b6104f458bc364464e5c,
frontend_web/src/layouts/WorkspaceSwitcher.tsx,37,24715b04c18ac63cce48c8988ba91d1a2180fd42102e530bd6286d2276e0ab89,
frontend_web/src/main.tsx,502,f4ec8b520dd897a1ebc96c3bda8da3e3c85cea10c8d1cd3a6f473165750f246a,
frontend_web/src/navigation.tsx,490,1bc29bab8fb5590a567feaaf5c612ebf51927b1ae87031b00e99ed9bde27e260,
frontend_web/src/pages/AccountDeletionPage.tsx,67,172a3916ca591904a9a94e88032fb6f9d3c26d73e188a427d51173d413c1e18b,
frontend_web/src/pages/dashboard/admin/AdminActiveShiftsPage.tsx,7,5cada4204cb566d576fc855edd5bd773b3c4efb29f02bf2e5ecaa4ad552ee9d9,
frontend_web/src/pages/dashboard/admin/AdminConfirmedShiftsPage.tsx,7,2629bdc1d3d6b585e311bbfb926bc53c8ced0cc671b5aea75b14a2ae65408586,
frontend_web/src/pages/dashboard/admin/AdminHistoryShiftsPage.tsx,7,37796d02e29c78cf61e2f5c64232e6015bb5d796f6bcdc64c6fd6ed84dfd33b8,
frontend_web/src/pages/dashboard/admin/AdminManagePharmaciesPage.tsx,159,e519fc9a452958eba4ac319a8d0ce6fc42cb64144902a25a0378b486d1525f80,
frontend_web/src/pages/dashboard/admin/AdminOverview.tsx,117,e45be2e545e6c7d59afe6cd9a5eff8f640148585c7d593ec2a6c61907b7b5725,
frontend_web/src/pages/dashboard/admin/AdminPosterShiftDetailPage.tsx,7,faefd59bb748161b38cc1d0bf476088d63126a833d15bf7dd39a4e566d8e3d34,
frontend_web/src/pages/dashboard/admin/AdminPostShiftPage.tsx,7,14e1c9f4b1520bd27ba984489498bddfcb3b082e4bcde463c77aada4951debef,
frontend_web/src/pages/dashboard/admin/AdminRosterPage.tsx,7,d08b8028b8c3c142a47466bb51979874b27ea3546688a7f07115e97fcb25d273,
frontend_web/src/pages/dashboard/organization/InviteStaffPage.tsx,1060,3f866d2473bffcf1f424aaca9630bc86690555275640e57875750b97ab4346ac,
frontend_web/src/pages/dashboard/organization/OrganizationOverviewPage.tsx,164,f7c163a474ee793d5ac3ab72e176eeef57074b6a74125805406a695be0b50be6,
frontend_web/src/pages/dashboard/shiftCenter/ShiftBoardTabsPage.tsx,152,359f9f39fdf42476d91ce8de11fe2ff52a621517de0800e9102ae7be660b9280,
frontend_web/src/pages/dashboard/shiftCenter/ShiftCenterPage.tsx,323,2325a32a79a154ba93fa5bf724422532ad1fd0ef77b2f9bf20e64d9a29d0385f,
frontend_web/src/pages/dashboard/sidebar/ActiveShiftsPage/components/Candidates/CommunityLevelView.tsx,161,fb80bba13893eadabdf22e1dd694e09a88eb17a8fd4503c8fbc1d62797a02e1c,
frontend_web/src/pages/dashboard/sidebar/ActiveShiftsPage/components/Candidates/CounterOfferList.tsx,72,52b14e6320ee1941d39f51bdf8a6825f059ce5bf9142e8a55a74b10ce502e108,
frontend_web/src/pages/dashboard/sidebar/ActiveShiftsPage/components/Candidates/PublicLevelView.tsx,466,7ade9c544ffe23b6d658417b229d5da29217565143d8169274ce7cd0b6f91a93,
frontend_web/src/pages/dashboard/sidebar/ActiveShiftsPage/components/Candidates/SlotSelector.tsx,139,02a07059629e0e791a75b8eac8ca28402b82e3aab98ac2e3943d8d11783e3151,
frontend_web/src/pages/dashboard/sidebar/ActiveShiftsPage/components/Candidates/StatusCard.tsx,540,ec87bd7a8f88df03a0b7ff7c62c40a14eed367ef82c1bf85eaa3ac36f665a548,
frontend_web/src/pages/dashboard/sidebar/ActiveShiftsPage/components/Dialogs/CounterOfferDialog.tsx,343,fc65d3616f61ae279b45bdb11be1c5dca8f0ccadbe954dbc2aae5738134bc70d,
frontend_web/src/pages/dashboard/sidebar/ActiveShiftsPage/components/Dialogs/DeleteConfirmDialog.tsx,45,f7c24fbd6788702e8bc8262208acf0b16c0c763ffd19a7d93a247c8ae060095c,
frontend_web/src/pages/dashboard/sidebar/ActiveShiftsPage/components/Escalation/EscalationStepper.tsx,302,9e327069ad5385d207c97c17449abbe6a692e1f7d10038915d0a79305a818732,
frontend_web/src/pages/dashboard/sidebar/ActiveShiftsPage/components/StepIcon/ColorStepIcon.tsx,35,356a75ebab31ff6cb7ca360a4ba01911f039089ded0d07139d0760d1cbe67cbc,
frontend_web/src/pages/dashboard/sidebar/ActiveShiftsPage/hooks/useCounterOffers.ts,110,cea4cc9ca4c953526d6333e5c0b95d48ca0a0345481e84c2d1a0556c389b9fba,
frontend_web/src/pages/dashboard/sidebar/ActiveShiftsPage/hooks/useRevealInterest.ts,63,d14044ec187a0b2e04b2838fa853b591a1f8c452d28cf596697e8b758d563fd5,
frontend_web/src/pages/dashboard/sidebar/ActiveShiftsPage/hooks/useShareShift.ts,49,7c8966116c780887da7bf7ab85c54e23e45df95e492c27e75159f9a0a25771c6,
frontend_web/src/pages/dashboard/sidebar/ActiveShiftsPage/hooks/useShiftActions.ts,83,ed3ae35d3051408774a5d7cf1f2d9012cefa1b3ac5cb08564116b91f8b0aad9e,
frontend_web/src/pages/dashboard/sidebar/ActiveShiftsPage/hooks/useShiftsData.ts,41,55dec92a02efa5c07ef008741efeaff6511c931d65d4ece44ef29c388033ff1c,
frontend_web/src/pages/dashboard/sidebar/ActiveShiftsPage/hooks/useTabData.ts,99,c8431484a23016e44c44d69ced23bb4a0ee3925cf629c3f5b7ffbff51dae8d54,
frontend_web/src/pages/dashboard/sidebar/ActiveShiftsPage/hooks/useWorkerRatings.ts,53,8c3a7729e2d87b26c0456bc57dc8116f97f20b718423682b9b07e0e9866e90a7,
frontend_web/src/pages/dashboard/sidebar/ActiveShiftsPage/index.tsx,1996,3af30e32f8cc52eea930744a9880692ea2d394ad3f53d4b88a38be8264672379,
frontend_web/src/pages/dashboard/sidebar/ActiveShiftsPage/theme.ts,39,da4f95b046fdafb319b03b5d90acf3431a7790df8b221d695fc41b5e96816f34,
frontend_web/src/pages/dashboard/sidebar/ActiveShiftsPage/types.ts,41,50ad68c70061e80908453acd2b40482c8893e23d66a3884eefd0ddfd09197a62,
frontend_web/src/pages/dashboard/sidebar/ActiveShiftsPage/utils/candidateHelpers.ts,137,69d170312eed13d0fe83c01d20f8d670ff186f9a81b65bf55a4a024291ae736d,
frontend_web/src/pages/dashboard/sidebar/ActiveShiftsPage/utils/displayHelpers.ts,16,f4ae65ba4264a5f4f1b8cf601f66c643ae29e0fb3b908d2bd5e87b74ee8d623a,
frontend_web/src/pages/dashboard/sidebar/ActiveShiftsPage/utils/offerHelpers.ts,121,db2dbed082fc94fc94758e42df14da5bb3d6b8ba56ca69d9116729d6aa54a7ce,
frontend_web/src/pages/dashboard/sidebar/ActiveShiftsPage/utils/shiftHelpers.ts,80,4917f3c6997e53028e288af0b5a345b091ac1ec670b650494a421668ce9659e3,
frontend_web/src/pages/dashboard/sidebar/ActiveShiftsPage.tsx.backup,2128,e69e8f4316205efd1951d946594a68cefb8b5f2ffe1149476a50b1e232a67668,Backup/temp candidate; verify imports before removing
frontend_web/src/pages/dashboard/sidebar/calendarViews.tsx,474,28bf777bc05ea503f36811b5c697c7dec81a4ef4576a234af72f38ca0decc5c6,
frontend_web/src/pages/dashboard/sidebar/ChainPage.tsx,398,cbb8b8cea985be683124518bfb38b894bca66e5a483a8b45141cb783365e6408,
frontend_web/src/pages/dashboard/sidebar/chat/chat.css,365,00c301384697daab866131e1e88238ffed2f75cfe72ff12ec37b16bb385fc1d6,
frontend_web/src/pages/dashboard/sidebar/chat/ChatListItem.tsx,274,0a54af126da619f88efc6887ee75cc5be8850e820c7511cfb27aa567a4ff0a43,
frontend_web/src/pages/dashboard/sidebar/chat/ChatPage.tsx,1009,de142aaa33927c02a158813b624debf42c76363aa1f29f425829efd5d9ab1e77,
frontend_web/src/pages/dashboard/sidebar/chat/ChatSidebar.tsx,944,ea03804b1ed25b90df8c42b6e035cc896d08aa00baed46ac4702426eee64d68c,
frontend_web/src/pages/dashboard/sidebar/chat/ConversationPanel.tsx,693,8a7e62f6dc2afdbd21b1dfcb65dca55d38fbc62ca311a87a356e7e070b29d905,
frontend_web/src/pages/dashboard/sidebar/chat/MessageBubble.tsx,312,c350fda315608c823cffe6a81d49a4f67ed1ca7644b035643ddd9e75d541ef3d,
frontend_web/src/pages/dashboard/sidebar/chat/NewChatModal.tsx,400,999e9bf293d2dd6be929dd5cd76323b0eb4846ab80704ac4120d5ba33ab3a0f5,
frontend_web/src/pages/dashboard/sidebar/chat/types.ts,20,25e30f8c2be5dd4c751acd2ae89fd1ddd60c4abbd1eba8159a91efcaaf2a6cef,
frontend_web/src/pages/dashboard/sidebar/CommunityShiftsPage.tsx,662,4b8de9a000c76a5a9f4c182fd4f613c59abdb1ce86c56981321b84ba5105a4ab,
frontend_web/src/pages/dashboard/sidebar/ConfirmedShiftsPage.tsx,178,bab228d2eaebc8862dad2bb8ac3d17b0268cb19d9c2d1177f9287dfd8fb72a12,
frontend_web/src/pages/dashboard/sidebar/ExplorerInterestsPage.tsx.backup,759,d8c9b98972955b4e21b053f427907d7ecc19b31b61dbde1a39ca05fd852cd543,Backup/temp candidate; verify imports before removing
frontend_web/src/pages/dashboard/sidebar/ExplorerPitchPage.tsx.backup,208,160ea18136ca1713da4d87e660c1c65630efea8bbbb5314576e48d8b3a487f8c,Backup/temp candidate; verify imports before removing
frontend_web/src/pages/dashboard/sidebar/HistoryShiftsPage.tsx,249,bacb7b3bbef6e5da7f98a9b05d4ab757ff0188dec20141e8533c426d3166f0e6,
frontend_web/src/pages/dashboard/sidebar/hub/HubFeed.tsx,2089,a24f65a5eb2812407e1fbc84e1f6cd882c1c72759a1f063487f339f9b2b8d5ce,
frontend_web/src/pages/dashboard/sidebar/hub/HubGroupModal.tsx,496,5dfa02d908ea14ff4c63ce480d3219c02ada1b7cea4c99df3eb5410df2c5cdc7,
frontend_web/src/pages/dashboard/sidebar/hub/HubPage.tsx,643,05ef425685be1a7d24989c1f90407412ee6051211d1dea9b48083b536ac4d4d7,
frontend_web/src/pages/dashboard/sidebar/hub/hubpage.tsx.backup,3820,0b8c428a3b50706e81ad4f82c4ca38ffb87c15a76343d5bed6ebcfce223fbb9e,Backup/temp candidate; verify imports before removing
frontend_web/src/pages/dashboard/sidebar/hub/HubProfileModals.tsx,192,9d0922f97912ad7b8c8ceede9bb203d9fc6412884bf6adf2128c72c91843fd90,
frontend_web/src/pages/dashboard/sidebar/hub/HubSections.tsx,608,672d562245f316cc783d39a45a3675464caf3986ca82725b1757d46b2cdcf80e,
frontend_web/src/pages/dashboard/sidebar/hub/HubSidebar.tsx,487,e965a8b97da6cae2ed2f8432cfc6372e16ccfe18e2305ad35778cac833a59091,
frontend_web/src/pages/dashboard/sidebar/hub/hubUtils.ts,125,378b3ca0b2daa1be3b082c1121d0cea5633d4d290bb15d8ebb89c7fda6cf1cfb,
frontend_web/src/pages/dashboard/sidebar/InvoiceDetailPage.tsx,790,e44180e927d9fae9d1672c37d4da2a7d9882bc1127aa8d16df2c858a21e7f84e,
frontend_web/src/pages/dashboard/sidebar/InvoiceGeneratePage.tsx,998,df1bf59ac26b0934c4cf466ce654e50cf4f5461a1ce24f3e8dad46890d432442,
frontend_web/src/pages/dashboard/sidebar/InvoiceManagePage.tsx,302,f500a839c4c75d2846e788b28b77da7d218fe783023b0186bc3cdb2f3c37af30,
frontend_web/src/pages/dashboard/sidebar/Invoices/InvoiceDetailPage.tsx,1,2bf22e9964b9c74a97f5aad7050015c97a52867dc4868e46094f7533006c4dcb,
frontend_web/src/pages/dashboard/sidebar/Invoices/InvoiceGeneratePage.tsx,1,e0b6ff55b9c5bfe49cfbcb65484fcaa3180d0badb347e07f7ccd2f94c34f5dce,
frontend_web/src/pages/dashboard/sidebar/Invoices/InvoiceManagePage.tsx,363,140a565b3ec587bef3605b2c9cb6f3444bdcc573b4c0406d01fd6f7b6aa3cefb,
frontend_web/src/pages/dashboard/sidebar/Invoices/invoiceStats.ts,88,35560f5725dec1a54853a55ee374d4a9bcb90e218aada06e831efc372b40c5d9,
frontend_web/src/pages/dashboard/sidebar/Invoices/InvoiceStatsCards.tsx,122,c0fce9102a2354c310d419aede94e74645d35e2db85b931dfc80744438419109,
frontend_web/src/pages/dashboard/sidebar/LearningMaterialsPage.tsx,4,e78e00beab8f567a3774d70141e6432c798e47c871fd57dd854bdaaf79344154,
frontend_web/src/pages/dashboard/sidebar/LogoutPage.tsx,18,cbd2044b54a95e8f052ab6341eeba668359a064d6ba20236e5ca8b157a9ceaf9,
frontend_web/src/pages/dashboard/sidebar/ManageMembershipsPage.tsx,216,34a25b4b71c4e17f5d1ece9ce821987f5ea38473fdd7592b25067442e5fc1e8b,
frontend_web/src/pages/dashboard/sidebar/MyConfirmedShiftsPage.tsx,420,aa18baafea174876be3df5cd7cc84bf0de3153c133956cd5fcda61562563f80d,
frontend_web/src/pages/dashboard/sidebar/MyHistoryShiftsPage.tsx,362,49b67fb31088d5290bb4456c0f56da5cc86081bb827acd9c57c0da7873ed1cc1,
frontend_web/src/pages/dashboard/sidebar/OtherStaffPitchPage.tsx.backup,208,4923ad735061d2e416a11cf8767891e7dc30866a7f643094524029c4b7c814cb,Backup/temp candidate; verify imports before removing
frontend_web/src/pages/dashboard/sidebar/OverviewPageOwner.tsx,315,9b3744488008d76119898e8bdc20ab691b06d82fdd796964d336846f92018f11,
frontend_web/src/pages/dashboard/sidebar/OverviewPageStaff.tsx,254,92c9cadb8f4f24c32c68e35e8ea370951ec1455a5b98045583fa57ee8d72b2c6,
frontend_web/src/pages/dashboard/sidebar/owner/InviteStaffModal.tsx,76,5dc587f9b45df1b8adea387d7da3a0d85f52aa9f0c9d741f5d5a7c99022483d9,
frontend_web/src/pages/dashboard/sidebar/owner/inviteUtils.ts,59,a6952da4d8732749a76e4368788271a8d7456e94af7489aded6c4930f7800a9a,
frontend_web/src/pages/dashboard/sidebar/owner/LocumManager.tsx,835,2bbb311762a3acd335e97c52a31fe9552edb6642fc006580f4a098a3adb9efbe,
frontend_web/src/pages/dashboard/sidebar/owner/membershipApi.ts,36,0e36875dfcd2ac669929fdbbb2abb7b3d263aa4c68c17cf9ca93d9e309b88c0c,
frontend_web/src/pages/dashboard/sidebar/owner/MembershipApplicationsPanel.tsx,418,a8198d6c1b6deb932ea85381ef85d952dd672538bbec473c1ac2b36a96c83634,
frontend_web/src/pages/dashboard/sidebar/owner/OwnerBillingPage.tsx,530,ce38056557948e4fdb1f23a57595750dd3cb32908d68ecfbce4f39fa917e9b57,
frontend_web/src/pages/dashboard/sidebar/owner/OwnerOverviewContainer.tsx,321,ac357430690c8b1041ed9ae298bdac05e469ea2117b5bb2e4f8b1e1c2ddedf24,
frontend_web/src/pages/dashboard/sidebar/owner/OwnerOverviewHome.tsx,617,8dfc672ea6d7e37db2aa298275a83660641e9ff42cb1ed5ebf098f7b7118168d,
frontend_web/src/pages/dashboard/sidebar/owner/OwnerPharmaciesPage.tsx,169,4459ded717233cf5dbd2adc1bd6452e1f2ce6659f2183f70e65fe35e2f4c7a26,
frontend_web/src/pages/dashboard/sidebar/owner/OwnerPharmacyDetailPage.tsx,303,52476df40f151fb43b0e28fb89e4fa3a2d871984b09cea397ca3aae534d0bd7c,
frontend_web/src/pages/dashboard/sidebar/owner/OwnerPillsPage.tsx,1,8d131edc3ddc348e7fc25fc7d03186d9658e0cd43542c8b78cd636df07b4515c,
frontend_web/src/pages/dashboard/sidebar/owner/PharmacyAdmins.tsx,548,c285ab5922ca76b7b8033383247305435cdb8cddb3738fb3eabf4bcbef6f72b7,
frontend_web/src/pages/dashboard/sidebar/owner/StaffManager.tsx,902,19ba5b0e0d8682cdcc8b75a58b3b2bbca4cb0be7c40c5fce41e38cffe7b7e2ce,
frontend_web/src/pages/dashboard/sidebar/owner/TopBar.tsx,41,aa5adf33393415d5d1071834ead366b9d42913f47912d62e551d9f2674dc3376,
frontend_web/src/pages/dashboard/sidebar/owner/types.ts,37,8d8fc69bd780efeb87b847cd76dd3d51920088f07069a0825d1eb41327e000ab,
frontend_web/src/pages/dashboard/sidebar/OwnerAssignedShiftBoard.tsx,615,a1ab6349e238a2f2918ad9983c2fc4113b7ce5173e94c7a95d2afd2a58c22c4a,
frontend_web/src/pages/dashboard/sidebar/PharmacistPitchPage.tsx.backup,200,c4a76a27bbbd4c17cf6d6520aa27531f589f32839b67273cf52865f31ec47190,Backup/temp candidate; verify imports before removing
frontend_web/src/pages/dashboard/sidebar/PharmacyCalendarPage.tsx,1564,03a32d5f00f520b6ba781a13c4b4bb8ae6251a83e9c16953d41d077210fde976,
frontend_web/src/pages/dashboard/sidebar/PharmacyPage.tsx,3165,3291937fbdf11092eabc54a1e125bfb753a3baad53772157f2a066570d0c39da,
frontend_web/src/pages/dashboard/sidebar/PosterShiftDetailPage.tsx,21,2d81baf6e2181d4230106a17081537e75b4eeb2c0879b263926d26751ef21478,
frontend_web/src/pages/dashboard/sidebar/PostShiftPage.tsx,3444,2826d4d8bdb9f67a0ab7ab9b32f641b9653ac5c76a8e2f7547c1542dec202136,
frontend_web/src/pages/dashboard/sidebar/PublicShiftsPage.tsx,688,65af8968bbc768681a16229b9978171a264be2ce96a3b81ba39a20cf8a5bce07,
frontend_web/src/pages/dashboard/sidebar/rewards/PillsPage.tsx,413,6a3e8d7f576a54000329a81d6f49a47ee2de8ef94cdc11e65cd5f391babdaf74,
frontend_web/src/pages/dashboard/sidebar/RosterOwnerPage.tsx,1409,b99ad52bbe9d5abbebe4af851540ff39a4c2d0f80a9a95db5a15b1c1d514b8e4,
frontend_web/src/pages/dashboard/sidebar/RosterWorkerPage.tsx,1273,3afd511bcb9e012d8d4684be1ffa9e7e99d5b984c061e76f94dbc540b323ad8c,
frontend_web/src/pages/dashboard/sidebar/SetAvailabilityPage.tsx,935,7b80291e2ef67b03044ff0b1f209f7a2d3c886c0cf159e76e7cd565b5a61d0cf,
frontend_web/src/pages/dashboard/sidebar/ShiftsBoard/components/CounterOfferDialog.tsx,328,27b75330b740a0cc32765ad56ef8759278407065b5a22835a51cd86bb0ab8e7d,
frontend_web/src/pages/dashboard/sidebar/ShiftsBoard/components/FiltersSidebar.tsx,355,9780f969af9e0d95eca3af203b266cde6fd1493f977ede630d5e2f576c18e49b,
frontend_web/src/pages/dashboard/sidebar/ShiftsBoard/components/ReviewCounterOfferDialog.tsx,66,c5b9b20eeb0556b9f9160c55292f81a0b0aaae2796ca1b4951d5fd01fe848578,
frontend_web/src/pages/dashboard/sidebar/ShiftsBoard/components/ReviewOfferSlotList.tsx,59,964d13132d4047eb904b20bd4f5d40230299571093475e1ee97fb885c9f93cf0,
frontend_web/src/pages/dashboard/sidebar/ShiftsBoard/components/ShiftList.tsx,759,ea01f2df709cac2396b788ee93a4bea57eb35afa5d60ed3ac94858fe66301bb3,
frontend_web/src/pages/dashboard/sidebar/ShiftsBoard/constants.ts,31,38753599d620b35da8795718d6378df25272edfd83fe636d3cf3c07dc0d1a0a8,
frontend_web/src/pages/dashboard/sidebar/ShiftsBoard/hooks/useCounterOffers.ts,539,95760bbab6ca3801f620790f225fd8b158d6384df2a185144ed87ab3adee3eab,
frontend_web/src/pages/dashboard/sidebar/ShiftsBoard/hooks/useFilterSort.ts,402,109001d30547b76f18638084ed18d14a72e347837ca5ac6f24b851a2b48eb232,
frontend_web/src/pages/dashboard/sidebar/ShiftsBoard/hooks/useReviewOfferDisplay.ts,28,6110e2f7d3298587951677feea0cc4fd57f8b15b479530930ff7d4637aae120f,
frontend_web/src/pages/dashboard/sidebar/ShiftsBoard/hooks/useShiftPersistence.ts,169,5a494688a531b85f0b7978d4a4057cd12cdf2feb3066aca192b769a040529111,
frontend_web/src/pages/dashboard/sidebar/ShiftsBoard/index.tsx,775,7cf5df23ff6e6b7b6ca2af849875c7ff5122d805cae385c0f2f4cbf77ee51928,
frontend_web/src/pages/dashboard/sidebar/ShiftsBoard/types.ts,110,de72b513d8e643f2e0a410671923aff836d479a5e306f9e7d517aa35a691bb44,
frontend_web/src/pages/dashboard/sidebar/ShiftsBoard/utils/counterOffers.ts,25,061d84f89e7fbe3e0655784e7122a13862be2fe63c0320ba7c5483db3e4e5cca,
frontend_web/src/pages/dashboard/sidebar/ShiftsBoard/utils/date.ts,10,af1150225d4e987776597beb0858c2dc11056f17dd72f3304fb3b6c702dc5cd5,
frontend_web/src/pages/dashboard/sidebar/ShiftsBoard/utils/location.ts,34,8bfa2f651334be41ec898dbb1aeabfb685b9d832830527739706ab2e83d7461d,
frontend_web/src/pages/dashboard/sidebar/ShiftsBoard/utils/rates.ts,105,40846e560fe8079b301871a4935d5adce511bffa007045324218ac82f9803be2,
frontend_web/src/pages/dashboard/sidebar/ShiftsBoard/utils/shift.ts,169,48758abe9c34b343d220d8c6575c85b53afbe64bfbaf15acce0144db590a4c0d,
frontend_web/src/pages/dashboard/sidebar/ShiftsBoard/utils/submitCounterOffer.ts,17,383e84262c0e6b814f285e36c5674c1b7953985287682d92b8991cd76c0ab64e,
frontend_web/src/pages/dashboard/sidebar/TalentBoard/components/AvailabilitySidebar.tsx,246,cb23a14721ec942741c9076f4c25f2d705a3169f1af96ff258f3d38a17907e17,
frontend_web/src/pages/dashboard/sidebar/TalentBoard/components/FiltersSidebar.tsx,312,f66462aa1e793437d67fe71b91d4aefc377425cf402863c4dd4f92d2fde32d08,
frontend_web/src/pages/dashboard/sidebar/TalentBoard/components/PitchDialog.tsx,827,8303af9bccc90bfe4923282aecc63b4e9f33f40b6f79d1051e2e5655f2405758,
frontend_web/src/pages/dashboard/sidebar/TalentBoard/components/TalentCardV2.tsx,375,90ba8aaae5e48be9a28036ad93609dbb43e4169ae8323c62132ce398a7c38019,
frontend_web/src/pages/dashboard/sidebar/TalentBoard/constants.ts,16,81ce4a4b802e6161d9439be52eb9c2ba72efb0fdbd8def3edbf75418cc8d6f50,
frontend_web/src/pages/dashboard/sidebar/TalentBoard/hooks/useTalentFeed.ts,79,efaa8905fe67756cf7c674230af9ec89cbd8dc0917ebf6b96f101e01db1d918a,
frontend_web/src/pages/dashboard/sidebar/TalentBoard/hooks/useTalentFilters.ts,92,5ad2a56af4e476e08c0ce0bec5128c950536bf30c33ec4ed0e29224d4fc9f0d2,
frontend_web/src/pages/dashboard/sidebar/TalentBoard/index.tsx,1090,425bcd9b64df141831db02e5662618be64c9470b510f753b773c793f3a5bbf58,
frontend_web/src/pages/dashboard/sidebar/TalentBoard/types.ts,58,7faf23992f8e4b2e2d052f342851a9b6791c7329db4cee1e09a07afd8a84f195,
frontend_web/src/pages/dashboard/sidebar/WorkerShiftDetailPage.tsx,215,215fdc0aa05c55f399e631995b6042c9da08fab191d74a955d07d04105a60015,
frontend_web/src/pages/LandingPage.tsx,813,1f4e3b670d930d0e615cf8cb55060f8e961baf09951070f44e0715b25e069f4d,
frontend_web/src/pages/login.tsx,270,2e4616a4937e922ea42311e61ae42f324b54f6c34068af9b375e1e62e7e5f7f6,
frontend_web/src/pages/MembershipApplyPage.tsx,475,7eb68c0c0e848b93b57a448404a6430950c94082157f852f7e5cab6ffd35c137,
frontend_web/src/pages/MobileCheckoutReturnPage.tsx,39,98a6ea9dd30ee1f24684802b214866ce527c31e2a57f960a26e2f19513235da3,
frontend_web/src/pages/MobileOTPVerify.tsx,231,007102b487789703973a14ef4ec0497675994f8722dfed9b1fe82e7a63f5af56,
frontend_web/src/pages/NotFoundPage.tsx,47,867a788af83b705396625dbe61d139309b9a33e51515379997a183e3f7296cc7,
frontend_web/src/pages/onboarding/ExplorerOnboarding.tsx,475,4a8cd5a1db4dc301513735c3a0dd2182f0347c523108cabef756abe7d17b3635,
frontend_web/src/pages/onboarding/onboarding_explorer/BasicInfoV2.tsx,617,02f421e4a31b5bdb63e78e82d1279b11e4704325b01358db8587b2d0bd1e7aae,
frontend_web/src/pages/onboarding/onboarding_explorer/ExplorerOnboardingV2Layout.tsx,304,8742899fc7ec73e634d0b2223fd918a0323212d7734f7fa0ad001da4ab22ebc6,
frontend_web/src/pages/onboarding/onboarding_explorer/IdentityV2.tsx,354,ce2a02ece0452b00517d098a36bd2c60e8f62252079212bcb71288e8a153fc9c,
frontend_web/src/pages/onboarding/onboarding_explorer/InterestsV2.tsx,104,5870ce3bd667174281ac6785d5dc77c63e9f439d3648832a469fa9c072899986,
frontend_web/src/pages/onboarding/onboarding_explorer/ProfileV2.tsx,217,374671bedc4854308d79fc7b7e31f0bcb6294d43a26e4bb1a270e32de22dc65e,
frontend_web/src/pages/onboarding/onboarding_explorer/RefereesV2.tsx,294,836cd796515fdfd73c4dccff6cf19805e16105acca80bf5ad065fdfa115dbad6,
frontend_web/src/pages/onboarding/onboarding_pharmacist/BasicInfoV2.tsx,620,d567f010a017412349ae7bcbb188a529717a9ef96eec332247abe8391a7b6ecc,
frontend_web/src/pages/onboarding/onboarding_pharmacist/IdentityV2.tsx,483,029047a54605d69fd6d41de72e63024be4e3a3172da47328b56db134bd5196e9,
frontend_web/src/pages/onboarding/onboarding_pharmacist/PaymentV2.tsx,500,003f7842f5f4f69c971b1de6544f8f91ce1fe479180be5388612fc5dde105131,
frontend_web/src/pages/onboarding/onboarding_pharmacist/PharmacistOnboardingV2Layout.tsx,304,caa1a5af1f8bf31e6f0257a735c260e5209dc56e5e9c5b87f7171547f192c929,
frontend_web/src/pages/onboarding/onboarding_pharmacist/ProfileV2.tsx,217,17e9a49147d8cbe97641bde7eafc1e0f1eaf0313e2443530b636adbd0c958e64,
frontend_web/src/pages/onboarding/onboarding_pharmacist/RatesV2.tsx,240,78461cbb9734bfb5aecf2fa980de5baef1e9d49eb0aa894ccff086f9b0c9636a,
frontend_web/src/pages/onboarding/onboarding_pharmacist/RefereesV2.tsx,294,de79ffb63fed86d242972f7300b502596b8ebde7e6e544be8c5a15445e32da38,
frontend_web/src/pages/onboarding/onboarding_pharmacist/SkillsV2.tsx,311,c9d6bf63bc43b1ff02877cff17fce7b300b8c0921c480052999ef617dbcee9a4,
frontend_web/src/pages/onboarding/onboarding_staff/BasicInfoV2.tsx,574,579707db556ccd8a84922bbd4a5444d91ee107f03f03bab2358db6d75efee636,
frontend_web/src/pages/onboarding/onboarding_staff/IdentityV2.tsx,482,44f8367bc5b80242c0ac0ced57994f4b4a4aa7d5a1750ed067d8451f44270487,
frontend_web/src/pages/onboarding/onboarding_staff/OtherStaffOnboardingV2Layout.tsx,309,b1761b875a1242a02570516110f7331bb344d0279d41473511d74bce1125d42a,
frontend_web/src/pages/onboarding/onboarding_staff/PaymentV2.tsx,500,f1c076e9042f2133a3ad60be861c993940e4610d8f1e62f3c0db37c5b4838707,
frontend_web/src/pages/onboarding/onboarding_staff/ProfileV2.tsx,216,46cbc04dbba4683eb47d29decd144cf4b1e6b9309b7e41773e66815f64680f6e,
frontend_web/src/pages/onboarding/onboarding_staff/RefereesV2.tsx,294,df418109e93cb5bdd6b68a0c2a43cc61a60f8d5c937159fe3f5f69a71ce7c3c3,
frontend_web/src/pages/onboarding/onboarding_staff/RegulatoryV2.tsx,492,e69a5e4bc9522ba23fbf2f0745b90705f986773bac6f5cc6c4255d78e21d4f02,
frontend_web/src/pages/onboarding/onboarding_staff/SkillsV2.tsx,350,d78a8048d56542ba587c23b3704362c9673237b62ec03ffed55e500d57d8be0e,
frontend_web/src/pages/onboarding/OtherStaffOnboarding.tsx,849,0d621e7057aea85384f86ec0761e4b3191e0b5dfade6e68a78032f4ee2afff90,
frontend_web/src/pages/onboarding/OwnerOnboarding.tsx,829,6a94f7c3c816cdd7a6fbd9c4c6f66846b6d14aaf2cf229d4718e3eedf54ee77d,
frontend_web/src/pages/onboarding/PharmacistOnboarding.tsx,629,e2416368f1ecff426f5726002179af23e36ac1599fcbff152fad5c763800afbe,
frontend_web/src/pages/onboarding/RefereeConfirmPage.tsx,69,96072798e8fb95c6f69c3901d975052410e8d76822fed0b5385cc2d3a1a6d715,
frontend_web/src/pages/onboarding/RefereeQuestionnairePage.tsx,417,c313bd84c3ea552a518fb1576ec29a9d65ef8c53cada02a7b3315629fd4db58e,
frontend_web/src/pages/onboarding/RefereeRejectPage.tsx,68,bd0ce0f1a51196b43d7617e371bd205cc0ce149bb5d3a3ea17210f2f36124b09,
frontend_web/src/pages/OrganizationCreate.tsx,83,2cc2687dee5eb59dae09fc8dec9d77af10ae6ad91ca6ff8f1ae7a32f3a75ca8e,
frontend_web/src/pages/OrganizationPricingPage.tsx,235,517b11e57a4890dfc568bb445d9db16e6d1ad6045b7ff0986fbcbbd7f9f441db,
frontend_web/src/pages/OTPVerify.tsx,116,c37d3c402239d712bc68ff521a114c35e365c1a6f757cc573f13d6481ce87bad,
frontend_web/src/pages/OwnerClaimRequestsPage.tsx,267,4b445bac1fd307167a09095d996f61c4e07f863c365cbedb98b87fcdf2acafb0,
frontend_web/src/pages/PasswordResetRequestPage.tsx,47,1c9ce38f723e0b0bace45e4a85527f07ab586a2e464248d98e06def113ea4067,
frontend_web/src/pages/PricingPage.tsx,387,a1157bd9bda69c9f45acc77548b7e5df3507d34b8c7abb90b774dbfe1e5f9f34,
frontend_web/src/pages/PrivacyPolicyPage.tsx,299,4e4122ed2fc60573231215eb26cc7677305d465be3725266c3efdb3705a12f0e,
frontend_web/src/pages/PublicJobBoardPage.tsx,432,21e471c2c00972eddc13965c8480c7d8cf16d35405d2ad8548a7e02a9231766f,
frontend_web/src/pages/PublicOrganizationPage.tsx,226,7ff5ef96fed5088b4e42c7cbae4a346eb46d0a29e8bf96ce28076e9c9430dab1,
frontend_web/src/pages/PublicTalentBoardPage.tsx,147,7937f272bcda08716ea1ae2c10e252afd3f4e7b662f4ce8eb24ecdaaf2f6e369,
frontend_web/src/pages/register.tsx,215,51d35d96dbf597263a27e9bd7d08879fc8932321a3128f5e14d4dc8566001457,
frontend_web/src/pages/ResetPasswordPage.tsx,70,950b42c8118402f16c1baabb7ccef8ae65ed8067f15b1a84aad26b44cbdbee3e,
frontend_web/src/pages/setup/OwnerSetupOnboardingPage.tsx,88,3a0dae0f6d22523db4471c6bb1d3c983cdabd728a1cf7a8ddca0df3f265f490e,
frontend_web/src/pages/setup/OwnerSetupPharmaciesPage.tsx,95,92fe72143f725f13c9aaa45e9a9ce050eae9f235d4eb6502113da142592d302f,
frontend_web/src/pages/SharedShiftLandingPage.tsx,384,8bd02f949f4516c47e4d3b7721b5a960400379c885249eef83a2fa855c910330,
frontend_web/src/pages/TermsOfServicePage.tsx,105,8da047920b45bb6bbea911216587f9e8ee23a0910b07cfba629fedae5c0380cf,
frontend_web/src/react-big-calendar.d.ts,16,982712cbf6253af538aa6c5c6046bba04ba1d1fb96b4c9e2340f70f4d872885b,
frontend_web/src/styles/app.ts,18,868f5a462e4ddfb9f6105880a267434d67f8334dfd18eb68cbec86d65b91baac,
frontend_web/src/styles/auth.css,107,f8e83585535f7ea0262405f8533b0be8336620c829677183cb2b9bf631b758c9,
frontend_web/src/styles/dashboard.css,138,bcf6e0338fd7a62b649f71d3511bcd20d0c569cab08a64ab94ae3ac53b947834,
frontend_web/src/styles/footer.ts,36,41980e075799da624959f9943a7d39fec3a4f605263d447cb335c64b5d8a0dc7,
frontend_web/src/styles/global.ts,100,1e4af87b56f4e6637924a50167621e76de164f9963b5cfe886acc272b5932c70,
frontend_web/src/styles/modal.ts,27,89b63da97e2deb0e2a2d421e17f3ed7d4123ce93b78d3f1b28f413d09eb9e0b3,
frontend_web/src/styles/section2.ts,15,d86f4963eaccf676d315cc9f0c0383fb67a4adbb9f0c7482fb5579a1cd65c022,
frontend_web/src/styles/section4.ts,17,afc582a87f5f8f242bee62dc48f7d919f8123bbc8ce8ef7aa663045670385b4c,
frontend_web/src/styles/sectionNavigation.ts,76,ba8c586ac7bda5c7e3851e8dc1286e70c4962420f11357d19c4a5b60d85946ec,
frontend_web/src/theme/sleekTheme.tsx,325,d4cdebf8590e10bbb603e8b4f0da731943cfd3bd3aec5bc0fc0821fe0d61772e,
frontend_web/src/theme/theme.ts,23,ce19c967bee77231f98637a724df96b43524469d94cbd7185e03fef57a56720f,
frontend_web/src/types/hub.ts,25,9de66ac773c82e28dab070517ce8c5374a3ec9ff48c834c99e416f0f55f3debf,
frontend_web/src/types/index.ts,24,240f3e0eba995258fd0d2db3d7784bec71c78aa47f79c7f6b25addb91f9d5c42,
frontend_web/src/types/mui.d.ts,20,444635659b40a23c7ad767adec87ba20ed716f2af3a05f0a83e00bb12d3612d6,
frontend_web/src/utils/apiClient.ts,78,d6566070df3e4c38916843b5689b75b8c672f7a67661585dd4f9dc3fc2105381,
frontend_web/src/utils/cropImage.ts,87,82d30d83c2876ee5f17d905e1ac2bc1e38e2b512399055a43153c81e2cd8ac78,
frontend_web/src/utils/dashboardPath.ts,21,dd789ed57fe1022e3757579ef2f57d2f324bed7fbe7f56e56f4a91ccb59d133a,
frontend_web/src/utils/displayName.ts,21,3a06d677c2b1c19978606ffe15ed8519db03734e35dcae746bff5b4512f15900,
frontend_web/src/utils/ownerSetup.ts,127,6e5239c0096656a41b7ad121adba1fef2d4d9f75cbe98f4e256882623d623722,
frontend_web/src/utils/roleLabels.ts,33,024e7b69c491c98b5aa63b227331df938adcd35b49156e7c9973dc41a17771e3,
frontend_web/src/utils/seo.ts,123,4696070e6da81a3a0db6e67a8bd86ede083d106779d448804cdff95b8f1dc626,
frontend_web/src/utils/tokenService.ts,142,47f84721caa25323201bb7c61cad0523d4c79c2ce98a5d7bcde396575c721f98,
frontend_web/src/vite-env.d.ts,1,65996936fbb042915f7b74a200fcdde7e410f32a669b1ab9597cfaa4b0faddb5,
frontend_web/tailwind.config.js,10,90fd243eb68ed39f27a3d39298f09948eb0ce251819bf53f2d051071046d5ffa,
frontend_web/vite.config copy.ts,7,4d36db3522a7b2dd10e0936e1004373c7ee65f10f7cd7920cd76410459c15a45,Backup/temp candidate; verify imports before removing
frontend_web/vite.config.ts,49,320c1eb320fe8ef1513ff7196810a94152456a44a7af22d650057de3352d64d7,
frontend_mobile/app/+not-found.tsx,24,5f94594c7590f2830ffb3cf674b851ec94592a5d77297e0e337b77f6ddb052ae,
frontend_mobile/app/_layout.tsx,393,5c03dd8cf23349025e406b56eb6ca6a0982cd920f954fdaa94e319f3118787b1,
frontend_mobile/app/admin/[pharmacyId]/pills.tsx,1,156818a780740ab39c2ae50ac5fc95846c3b580e87d23fb835917ea3c74fd2ec,
frontend_mobile/app/admin/[pharmacyId]/post-shift.tsx,1,1e6ed8f6b2b6bd97e88e80b395a24cb25afd8a44be9387ec39f1069937ecebfc,
frontend_mobile/app/admin/_layout.tsx,214,254e8e5d916b9ce2cff8b5bfda0550d0ef3ed483f4c79ac193377f65a61b2049,
frontend_mobile/app/admin/chat.tsx,1,9a90fce82a6efad7e4d41a34adafb5be080b15f410270ebd8ad7daa9eb76ff3b,
frontend_mobile/app/admin/index.tsx,154,b138d710324e37580e6ff090b3817a68aba00ae8fa4838d05e0d73ad46d43dd6,
frontend_mobile/app/admin/invoice/[id].tsx,5,585d9a5eb4dba9009d4787b230065373d1ccfbe97da2851e416e68b61e7e2af8,
frontend_mobile/app/admin/invoice/new.tsx,5,998d8a41fa34d711f718b01e2b67eace61e3ef5c60f405245bb81a0925f8efc7,
frontend_mobile/app/admin/invoice.tsx,5,2fa6c1b28ea1b0dff8c1b50bda7be16e4090342bd25ef3e70c673ab5bce9045f,
frontend_mobile/app/admin/messages/[id].tsx,1,e72eb6d307a4b79d762381968b363710994c6ebfca6fa6820e2033924587a273,
frontend_mobile/app/admin/notifications.tsx,1,daa69d2ca4b1d26541196379b4ba11f90d68849a7f72b7a54613806b27fa4255,
frontend_mobile/app/admin/pharmacies/[id]/edit.tsx,19,f25e5c12b0d196567eb30026cb31b69709177740051de082148a40ea776cb623,
frontend_mobile/app/admin/pharmacies/[id]/locums.tsx,52,f158304f0ba7538ab5acb295a4b6ba2de5e01d278aa0386e6e37fa842c4e2474,
frontend_mobile/app/admin/pharmacies/[id]/staff.tsx,52,c0a98e005f70189bafaf7c333f329b0c1498a709d91fecac56c49b25b5b361a4,
frontend_mobile/app/admin/pharmacies/[id].tsx,59,1a64b534c7af761ee9737ce8e0f51685cb06d01254259b88791b06381569fd92,
frontend_mobile/app/admin/pharmacies/add.tsx,15,d3c693224d17ae4d0551f313bdae4526eb64bcb100a44aa76fb45ec4cbda1de6,
frontend_mobile/app/admin/pharmacies/index.tsx,1,db21cd0e7d0e5551a9e7960f43931d2e114606a559cd60fb49e5735e3fc95f2e,
frontend_mobile/app/admin/pills.tsx,1,156818a780740ab39c2ae50ac5fc95846c3b580e87d23fb835917ea3c74fd2ec,
frontend_mobile/app/admin/post-shift.tsx,1,1e6ed8f6b2b6bd97e88e80b395a24cb25afd8a44be9387ec39f1069937ecebfc,
frontend_mobile/app/admin/shifts/[id].tsx,1,71314fb5ac52d33353a23d9e0d688eeb75631a7b2e9b62f9fa2bf1bdd2fe074d,
frontend_mobile/app/admin/shifts/index.tsx,1,e857435fd744858b4088a889cd77b8900fca704b9e4ced1236530796083b3bb0,
frontend_mobile/app/contact.tsx,141,d2748a91e338ff7dccd68ce99450c2abd39d118c969d05a2b683dba3fc49b174,
frontend_mobile/app/explorer/_layout.tsx,376,666592be7783fed36fe9d0d052951df829db5b7b87609c98d15044070defc5ae,
frontend_mobile/app/explorer/availability.tsx,2,d9b94e6a7c201181ab928942b2a11435b5f427cbfd4b60f2d2cdee418ac59117,
frontend_mobile/app/explorer/calendar.tsx,2,0d7c36042e8378ad1406abe55e2ef257ff879719950b5aea108ab8168fdc6989,
frontend_mobile/app/explorer/chat.tsx,1,9a90fce82a6efad7e4d41a34adafb5be080b15f410270ebd8ad7daa9eb76ff3b,
frontend_mobile/app/explorer/dashboard.tsx,2,54f0f2aa55859efdfe5d612e202ad608a853575d5d6c5d99471c1cfb7514720d,
frontend_mobile/app/explorer/messages/[id].tsx,1,e72eb6d307a4b79d762381968b363710994c6ebfca6fa6820e2033924587a273,
frontend_mobile/app/explorer/notifications.tsx,1,daa69d2ca4b1d26541196379b4ba11f90d68849a7f72b7a54613806b27fa4255,
frontend_mobile/app/explorer/profile-basic-info.tsx,2,ee5dfbbcd28859b79e8e3dc1a8c83c8fec3cab230e247d7e94882c034b08822d,
frontend_mobile/app/explorer/profile-bio.tsx,2,2ef93efb3b388532149cbe1c8103ac784062de4253fb301d6fdc03e03fc2c9c5,
frontend_mobile/app/explorer/profile-identity.tsx,2,717ca17339ddc67a8bf41cb992c01b8d31fddfcb2d8d76b385a536ebd8f45ce8,
frontend_mobile/app/explorer/profile-interests.tsx,2,689780195e404e9c9dd53d0b8d31b0f6b8a253181c6caa6f9c16807ba94d5d81,
frontend_mobile/app/explorer/profile-referees.tsx,2,c40a4e3f139872ca5f2e38e7e79a97b469be84ec8575562740c52dd3618571f7,
frontend_mobile/app/explorer/profile.tsx,3,b8f8f1fb2c1e8f1ba8630a0093d6e6255944c73a5a8406e708452188582ff315,
frontend_mobile/app/explorer/shifts/[id].tsx,1,e55edeb80f81adbacbf56580fa759b3801315b5a29bd2d025d90473c92b14fa6,
frontend_mobile/app/explorer/shifts.tsx,3,d0172ab85a116939332bd439de272647f51b5bb6cb4bfbfc1380d54fd924631b,
frontend_mobile/app/explorer/talent-board.tsx,2,e85fd044c0e0399775b8939090eb15f131a65fdba55f2d34fa49ea93500bdf69,
frontend_mobile/app/forgot-password.tsx,116,7163eb0a1e01f3f8bf50904a10a44ff4eaf2a497e5440598622a5c8a071d3555,
frontend_mobile/app/index.tsx,140,53f548319bc777ef3830f0fb2528fb5e569a245a2bff0066e9c7feb361270d0a,
frontend_mobile/app/login.tsx,322,fec256bb445e92605f3d7c0bc225f51caab37367668a591824c9dafd49db07fe,
frontend_mobile/app/mobile-verify.tsx,331,10093cc6636bcceee057cffcc06a5ad5c8423339c0564ca6b8d67895ec71e317,
frontend_mobile/app/notifications.tsx,1,6d09e632e9c3a14d668f092b65e6da7fda0477506cab9ba26bf3b258680d990c,
frontend_mobile/app/organization/_layout.tsx,487,2fbfc0b2eece9bb6fd82a9bca1c5b458c20e746c04cca0445c3295c63474e9c5,
frontend_mobile/app/organization/calendar.tsx,1,a124aead7d0e1e16ea90fa8d70d98934286a041d07a336bbec45df242204d9db,
frontend_mobile/app/organization/chat.tsx,1,9a90fce82a6efad7e4d41a34adafb5be080b15f410270ebd8ad7daa9eb76ff3b,
frontend_mobile/app/organization/dashboard.tsx,1,a3ed543fb9dea13d83c10377a3ffbf410356d4ba5bd3831537b54cfc1d8be199,
frontend_mobile/app/organization/hub.tsx,1,be1772dcbcbf1772a7276628014b0db49396f828c94faec76d62982ec8a96b7c,
frontend_mobile/app/organization/index.tsx,1,a3ed543fb9dea13d83c10377a3ffbf410356d4ba5bd3831537b54cfc1d8be199,
frontend_mobile/app/organization/invite.tsx,1,cb429ced81eb5a06196322c062a1779e7959ceb4b6196614517daaf3a8e5e986,
frontend_mobile/app/organization/invoice/[id].tsx,5,a37db4b4a64d7e7801e1613bbc98179133ede0f61f7839062e7e7aa30b33c314,
frontend_mobile/app/organization/invoice/new.tsx,5,5655242eee8bc510e30c94acaac6adf968c44e69b01273b3af702a35327c9d4d,
frontend_mobile/app/organization/invoice.tsx,5,768deb8fe97963106e1ffb58ff7648b1a7963f952e155a3010e6060d92f7f86f,
frontend_mobile/app/organization/messages/[id].tsx,1,e72eb6d307a4b79d762381968b363710994c6ebfca6fa6820e2033924587a273,
frontend_mobile/app/organization/notifications.tsx,1,daa69d2ca4b1d26541196379b4ba11f90d68849a7f72b7a54613806b27fa4255,
frontend_mobile/app/organization/pharmacies/[id]/edit.tsx,19,540fcd413287d71965cf01cd3375658d6e0df0eabe941eda5d7a2edd83247133,
frontend_mobile/app/organization/pharmacies/[id]/locums.tsx,52,2c77ad25b3f40125abd23ea504ea8443e6d5ed7477d935e82bec4aa333d928c3,
frontend_mobile/app/organization/pharmacies/[id]/staff.tsx,52,91bb689a6afc27f70f11f62d89335cccfd4b01e45cae75111213d07e9c0469ab,
frontend_mobile/app/organization/pharmacies/[id].tsx,59,42ba30f31135e9ecc520b7ecf3511a1dcd147b05f129ca3aa6e8087e3b89ccff,
frontend_mobile/app/organization/pharmacies/add.tsx,15,a3c8f6a9f10867c1505cd975671ac9bcebbde8fcd246974359708e4912652c7d,
frontend_mobile/app/organization/pharmacies/index.tsx,80,64ec01acf4a51d6f158d54a58be65ece6eebbf4265ef32694d83fdfdb8e23674,
frontend_mobile/app/organization/pills.tsx,1,156818a780740ab39c2ae50ac5fc95846c3b580e87d23fb835917ea3c74fd2ec,
frontend_mobile/app/organization/post-shift.tsx,1,8233856452dc3d44d0fd07bbacb790c243272de30c554baebf0d880b1dd65577,
frontend_mobile/app/organization/profile.tsx,3,d414e227c020de6d57f4ef9a177a8e6e9c2d7e37b7269d532e03ffdd4dc18f9b,
frontend_mobile/app/organization/shifts/[id].tsx,1,71314fb5ac52d33353a23d9e0d688eeb75631a7b2e9b62f9fa2bf1bdd2fe074d,
frontend_mobile/app/organization/shifts/index.tsx,1,d0b90fe897dd016e9d538d7b30ad50198b72aa8cd37d1e023a07645751d7b95f,
frontend_mobile/app/organization/talent-board.tsx,1,71ff580b0577dc5090e3464c6af398087a33598a632007890e89b61042ead4a7,
frontend_mobile/app/otherstaff/_layout.tsx,443,4bf068bb49edbe6af3e39ddbe26651904fa3a2a91108e328363a85b859c075b4,
frontend_mobile/app/otherstaff/availability.tsx,1,ff8f01bc38bb5086053d92fe1412885d7cbee4572ceb25dde8e4c2763f85431e,
frontend_mobile/app/otherstaff/calendar.tsx,1,a124aead7d0e1e16ea90fa8d70d98934286a041d07a336bbec45df242204d9db,
frontend_mobile/app/otherstaff/chat.tsx,2,1a06d019d1d3433c5171a30abd06ba2d717929aa2efcdb0bc09c060cde96428e,
frontend_mobile/app/otherstaff/dashboard.tsx,1,5a827a5775ba1c200db395d4a4228864ca95dab80249a38b6f819533568c0046,
frontend_mobile/app/otherstaff/hub.tsx,1,be1772dcbcbf1772a7276628014b0db49396f828c94faec76d62982ec8a96b7c,
frontend_mobile/app/otherstaff/index.tsx,5,0391fbb6846d16f53bd50efd62802e582f2be6366532da074a02c3fca2fcd611,
frontend_mobile/app/otherstaff/interests.tsx,1,733ef36ef11d1e8d897cbfacdc0f2db343e8aa455e32260ecb0905d1bdf60f29,
frontend_mobile/app/otherstaff/invoice/[id].tsx,6,fd0fdc28ff276735829f761d0c4bd4871a8b830896fde0c51e617fc593730aa2,
frontend_mobile/app/otherstaff/invoice/new.tsx,6,5b9121c90c4938ed68df5f0c18f62e8f33f8e9bdb4159934acfaaeae8576604a,
frontend_mobile/app/otherstaff/invoice.tsx,6,5191e093c2c21973c517e069ae99945ee248b349ef906159907c27d903b036e0,
frontend_mobile/app/otherstaff/invoices.tsx,5,5a40a382b47740080e67641c74691c577f02c1877280e39d531036765f65b576,
frontend_mobile/app/otherstaff/learning.tsx,1,b30b462f4b8cbfc6fb4cab9e3633adb890f1cd039c76d153547b8a19b4c1b072,
frontend_mobile/app/otherstaff/memberships.tsx,1,66020ebfe506ed92fe9f4347240af3786e8069afd00a81a50fbec639b7d38eb7,
frontend_mobile/app/otherstaff/messages/[id].tsx,2,98dc069e9bceba693750a414370e0653175b1780423730de240afad7984b7db4,
frontend_mobile/app/otherstaff/notifications.tsx,1,daa69d2ca4b1d26541196379b4ba11f90d68849a7f72b7a54613806b27fa4255,
frontend_mobile/app/otherstaff/profile-basic-info.tsx,2,6e94442ec9f6e335eebef7b4ea3e07b32b2f0d2ec63499532bb8db6df4187e7b,
frontend_mobile/app/otherstaff/profile-bio.tsx,2,7a330c1207bf5ffb8a66a29778cf5725150b43ec86368f751f8071430fe0709e,
frontend_mobile/app/otherstaff/profile-identity.tsx,2,28bd5d3dae6db489f3c38deacc9d004d3f46d7701cade916df26af9f282f9744,
frontend_mobile/app/otherstaff/profile-payment.tsx,2,88cdfc563d55ca880f6dd1c0b72b5ee71aa10cf298bc8ed51c50df928c1ea259,
frontend_mobile/app/otherstaff/profile-referees.tsx,2,21f63e08a0198b723f195c0b893e592aa64d30dc40929ffbb660ce6371a6818c,
frontend_mobile/app/otherstaff/profile-regulatory.tsx,2,6ee9d60c467827985196e02b7940c1e76e69f2109d218dc0cce0e4cb463a1746,
frontend_mobile/app/otherstaff/profile-skills.tsx,2,9d7371f5869dba7e47696532c94860340c3be27c5663f6b381eb1c2dc04715c3,
frontend_mobile/app/otherstaff/profile.tsx,3,164b59ec6208d4fd79e438938d0834262c13315758c6ebfeff69cdcf27b69ce5,
frontend_mobile/app/otherstaff/publish-availability.tsx,1,45b7c56ea4b8a33d72859619414ebf3a199e5f2ce3e289b1af94bb72ded8161a,
frontend_mobile/app/otherstaff/shifts/[id].tsx,1,e55edeb80f81adbacbf56580fa759b3801315b5a29bd2d025d90473c92b14fa6,
frontend_mobile/app/otherstaff/shifts/index.tsx,1,e0fd700779c8faa954b924c80c6e50ccf07709351c705e1872aea189b13d9ab1,
frontend_mobile/app/otherstaff/talent-board.tsx,1,8cbc6de87d68fe4152dab71f7d312fc1e13fd673d5d0b174527ce6e711e35539,
frontend_mobile/app/owner/_layout.tsx,517,e32658615c484db63122b89b36539a8ea122c17abfed91300c146aa0d5044869,
frontend_mobile/app/owner/calendar.tsx,1,a124aead7d0e1e16ea90fa8d70d98934286a041d07a336bbec45df242204d9db,
frontend_mobile/app/owner/chat.tsx,2,1a06d019d1d3433c5171a30abd06ba2d717929aa2efcdb0bc09c060cde96428e,
frontend_mobile/app/owner/dashboard.tsx,3,6c459eb8d018a0800b193a980725a67964416aa779f01a4587ef4af0f190ba7f,
frontend_mobile/app/owner/hub.tsx,3,c338a3aced65ff23b82386055f6e23c49e6a4bb364e2af177a4057f992d0f9bc,
frontend_mobile/app/owner/invoice/[id].tsx,5,9c979e62c209ed8bf86b1f3cfffa0e5296e7d9e4b6af77926e3e990d523140a8,
frontend_mobile/app/owner/invoice/new.tsx,5,b5a8b1e8a1c965fe0b06b3d7561ae78c0ed20f53a229863c0bd5140ade200cf3,
frontend_mobile/app/owner/invoice.tsx,5,35717ed3d115909e0c671f5fd5fbd3eaa87883c77621e0433a2c3f937b8cee45,
frontend_mobile/app/owner/locums/index.tsx,3,69aebd344d4a09049d8cbef91f4e5ae47e84c98529a6716bdd85e063643408e2,
frontend_mobile/app/owner/messages/[id].tsx,1,e72eb6d307a4b79d762381968b363710994c6ebfca6fa6820e2033924587a273,
frontend_mobile/app/owner/notifications.tsx,1,daa69d2ca4b1d26541196379b4ba11f90d68849a7f72b7a54613806b27fa4255,
frontend_mobile/app/owner/onboarding/_context.tsx,3,fe1a6a9120eab29f3f37886e2c9a0b3f909c2dba1e79e0563219df07445cdbb5,
frontend_mobile/app/owner/onboarding/_layout.tsx,15,45300fb02e4d4a86a722cde0c317f3f14c357576605a47ae9db86cc7354b99ee,
frontend_mobile/app/owner/onboarding/review.tsx,3,c7941603ccfd5942bf4e438fc9393ed3e15354a29980da23cd973a4d158461e7,
frontend_mobile/app/owner/onboarding/step1.tsx,3,1c649f89d85d8efa0e089533dafe475a55ab1d5edc066160ad1ecc6bcecda597,
frontend_mobile/app/owner/onboarding/step2.tsx,3,4ab75762b9b033d1691b95c00615277a6da7f745e7cd13f99a9a403e841a02dc,
frontend_mobile/app/owner/onboarding/step3.tsx,3,8a15a88be2fbf547295865c7e8c2ddb09b16065f4776897aee14a66b9f2c18e4,
frontend_mobile/app/owner/pharmacies/[id]/edit.tsx,1,18c08cdad5edb69fd8a7d5a1797a3fea0b9d5334871063b0e5dcee4a37be19e0,
frontend_mobile/app/owner/pharmacies/[id]/locums.tsx,2,bdc279c99285ddeae241d09383eb1c086f60535f8ee00772c678da1b362a1d0e,
frontend_mobile/app/owner/pharmacies/[id]/staff.tsx,2,d458ace3cc4e26b1cbaf1d665e75a2ad38cc7c6e7873872171f7f613f285fa52,
frontend_mobile/app/owner/pharmacies/[id].tsx,2,d26f729613ac59c01029107d5d59ec5dad46b35208ec63324115964d78dc56d8,
frontend_mobile/app/owner/pharmacies/add.tsx,3,fa97c3d4b9ee610865d89cd92375dd90a7da6dd710f14adee677c49900b817f1,
frontend_mobile/app/owner/pharmacies/index.tsx,1,b156ac0146a7b052c3676bf40c7ce9ec27e0574f100c1bac39d130a82350a4d9,
frontend_mobile/app/owner/pharmacy.tsx,3,0ba327047ae799dfb2744385ffb5f7eafe8e483396a21dee91469cdf16f4c3d6,
frontend_mobile/app/owner/pills.tsx,1,156818a780740ab39c2ae50ac5fc95846c3b580e87d23fb835917ea3c74fd2ec,
frontend_mobile/app/owner/post-shift.tsx,3,1ebaffff87f07a1063428040b79dbb3aab85532c734ea7759fba26c2b49af3ac,
frontend_mobile/app/owner/profile-detail.tsx,1,39f3d056eeb4302cfa8e3811d8bca6bbc7ed5358d1c1da4f9c6462ceeeca75d5,
frontend_mobile/app/owner/profile.tsx,3,e38e8c55ef81534962d23aab11cd0ce3debcab31d91b490178327320b238c748,
frontend_mobile/app/owner/shifts/[id]/applications.tsx,2,833a3d94437f29e4cf8324070475326e0c657f042dd8930fba8ff44fdf8a712b,
frontend_mobile/app/owner/shifts/[id].tsx,2,0f56abad3b905b6246c820d3f640a72a619bea893414f841ec2ac6ca5108904d,
frontend_mobile/app/owner/shifts/create.tsx,3,dd3771605b043397242d7a358eabcf766bdd681dd356d2f60b8eb28a7ad0731f,
frontend_mobile/app/owner/shifts/index.tsx,3,a597f5d6d9fb5c37b973c7dc815f78762d77ff673b6a21680802d16e20938b14,
frontend_mobile/app/owner/staff/index.tsx,3,b833002fb01b864ec37c340a9cfd14d39c2ad64171ec11c01f30ff6d4020ef67,
frontend_mobile/app/owner/subscription-seats.tsx,1,beec1873fbb87a976e0ce775597478f67e52ee5193158625743593b58ed82a52,
frontend_mobile/app/owner/talent-board.tsx,1,9f8a51584b027ad48f8732e99b01219a0b5db9a1c668bc6f4bcb7b7a104a9420,
frontend_mobile/app/pharmacist/_layout.tsx,459,19cc4ffbfa1f79d811130b20dbe665344ebb291d92a81752210057c4903fadfe,
frontend_mobile/app/pharmacist/availability.tsx,3,b3e34b082bbacbfe596bd1687a76cd235d551286f7c685421bc22836693cc7aa,
frontend_mobile/app/pharmacist/calendar.tsx,1,a124aead7d0e1e16ea90fa8d70d98934286a041d07a336bbec45df242204d9db,
frontend_mobile/app/pharmacist/chat.tsx,5,bf5a0f64afd8f6802df43c74918f1016eeed3da302099dca09233f830479ec28,
frontend_mobile/app/pharmacist/dashboard.tsx,3,75b4f81fbf099e688aa586ca294732930d7e47734745340b45713ac32c746a05,
frontend_mobile/app/pharmacist/hub.tsx,1,be1772dcbcbf1772a7276628014b0db49396f828c94faec76d62982ec8a96b7c,
frontend_mobile/app/pharmacist/index.tsx,3,0070428d794f566796dbf92276f81b8670794671c046b2ebbee139de95f39100,
frontend_mobile/app/pharmacist/interests.tsx,3,afd760c6d5c117252b4b24c91a4ff48c5a52c642a055dd947a3e02cdbe620057,
frontend_mobile/app/pharmacist/invoice/[id].tsx,6,512cac38e942ec35dd68c6a857eebce8ab1844c308fae666590adb6399949185,
frontend_mobile/app/pharmacist/invoice/new.tsx,6,db1f058a4c455ac52069675bdb4faaf807f7ad56bb4bf27e8ae07f49367b3d8a,
frontend_mobile/app/pharmacist/invoice.tsx,6,21ba553f68e2e12393a1b90041d835c6a9d4b94a4b0f026f0a5bb308e1b2bb4a,
frontend_mobile/app/pharmacist/invoices.tsx,6,0055e6e49de776bfb9a3b6a24222805cf23d14a7b4c85832e29f9286d33b5e3d,
frontend_mobile/app/pharmacist/learning.tsx,3,38ed3db49acb93cd613411994ad71a5221b8b65989974aa552d32e5574da12ba,
frontend_mobile/app/pharmacist/memberships.tsx,1,d87476435871b460de4a00fd842e3c8f242214d8f8f8117d9871a0cbf1eb9532,
frontend_mobile/app/pharmacist/messages/[id].tsx,4,ab6dd8ad5bbfd1df144743ed7d4d86b870ba0525a80541f7f4d039fd7983e356,
frontend_mobile/app/pharmacist/notifications.tsx,3,c85ea3155edc789a2d37715a2073c616e3e044f64bd826ab89e5b944cd0938f8,
frontend_mobile/app/pharmacist/onboarding.tsx,3,b720d82df1ed4c74887878d8045ed5cb4e3f6bf5dcc5790bb825e4c91f4e140c,
frontend_mobile/app/pharmacist/profile-basic-info.tsx,2,84b583ce5c6b26d3b2ece1ea1699e0f7a341c30049970d477cb8949a99f6fe02,
frontend_mobile/app/pharmacist/profile-bio.tsx,2,35b998b73e953bfbab6aa7e1639d8713a08c6bbb0babfe218fa9cc4660676a74,
frontend_mobile/app/pharmacist/profile-identity.tsx,2,afa8c4fa0b3e7afdb28d75a76367f59bbf91a2eb31611413c56ba2ca7ec86bf3,
frontend_mobile/app/pharmacist/profile-payment.tsx,2,2ee69060f45bc67f379ba80df07b0c94ee6a885032c3985fefeb07be91413d88,
frontend_mobile/app/pharmacist/profile-rate.tsx,2,389a136b0083064744b523531635a39db4b177e600c10dfe4db6bbbab75c1f57,
frontend_mobile/app/pharmacist/profile-referees.tsx,2,ff881b36bf0efe3211a481146a960901402c53d52ff47859e81171238bcde6b1,
frontend_mobile/app/pharmacist/profile-skills.tsx,2,843ec0789c2579f2c93b9afddb7ca490719a8c6e12bcba5088e5044ee72205b2,
frontend_mobile/app/pharmacist/profile.tsx,3,aebd15c07ec021c2afcad2f9d4c3baac8de5067e3934628ee65eb15bdb275a6c,
frontend_mobile/app/pharmacist/publish-availability.tsx,1,99cb611868e5c9bd7ec455991a5b0037ee3f36941d414f1dbbc258822b5b5238,
frontend_mobile/app/pharmacist/shifts/[id].tsx,2,a5631af40460b57140d05177af2efea60df8789cbd7c7b94c5afb133273a1f4d,
frontend_mobile/app/pharmacist/shifts/index.tsx,3,2e55491329fc2a1b2dc7677f3e51bf4d8bbd307ff45dd635db115606b12c2099,
frontend_mobile/app/pharmacist/talent-board.tsx,1,cbb130c207166bb836335acc72426680903164d8640e3ede60b9e9f3b34eb7c5,
frontend_mobile/app/register.tsx,576,ee37b3659bf1f6557da8bed984271fd4ec2dc3023bc7ad76224d4aa46c90107a,
frontend_mobile/app/reset-password.tsx,127,b71461db4fa8cce7a30e9275e81d81960c5622760d689da5a460e46e103de984,
frontend_mobile/app/setup/owner/onboarding.tsx,1,070170782455fdf1578fbfcf9c7bb226c1edd5ddab3f4e468fec6200a5681986,
frontend_mobile/app/setup/owner/pharmacies.tsx,1,4f95faa29017f97bf0cc4306344ea54e0f5829d5b2c03a64727fec25b5ba28d7,
frontend_mobile/app/shared/chat.tsx,2,1a06d019d1d3433c5171a30abd06ba2d717929aa2efcdb0bc09c060cde96428e,
frontend_mobile/app/shared/messages/[id].tsx,2,98dc069e9bceba693750a414370e0653175b1780423730de240afad7984b7db4,
frontend_mobile/app/verify-otp.tsx,232,0b68126f83ec3ac609932c122e98c5cdeb52fc0038afdc320a57826b8365a5ad,
frontend_mobile/app/welcome.tsx,104,e300b0470f5cd8f405d8acd6e6a3b2eb5728e837b8736b733e68c899eec8ca3b,
frontend_mobile/app.config.js,71,593787827f34dae392433e52bf9877f889fd3817c750e5bb829bb7de488a340a,
frontend_mobile/components/AuthLayout.tsx,196,5b6d2f5116b19c88d28a9a3066f507e2c4a7959ccb7a5caf510dbe6ac5c55d00,
frontend_mobile/components/HomeNavigationGrid.tsx,122,41cd133fda8e29eab5e17c6a97d8401c91a88de0d094b123bc6410e4affb0582,
frontend_mobile/components/OfflineBanner.tsx,30,9577e9fbbb20a909198a6b2214909e498329788761f1297d27b3d69d8e89782f,
frontend_mobile/components/pharmacistOnboardingSteps.tsx,113,c5ece8774ce52be2fa38f17dc2de89935b9d43ee6e6fc517553bc0837e3d8ff0,
frontend_mobile/components/ProgressStepper.tsx,129,d8abdebc06809320f1cbf961612d3675fe4544a0f0ab891d0420fb7a9f5c335e,
frontend_mobile/components/ShiftFilterModal.tsx,355,b1cf98571ddc5dfea41d6c245532bfc63378af4b2e1192ac08b4bc741980bd4b,
frontend_mobile/config/api.ts,30,07cbdb993ad2e3cd58ef42465d8654aa1455fb98352f6df00413fa4159a97c0f,
frontend_mobile/constants/ahpraConsent.ts,2,6579f4d5817eaa0f8c7fdde37fc3235b8f90aaed8061b8d9ae436c8f0a745820,
frontend_mobile/constants/api.ts,16,0467976d684f120150c41c054c9f777e788b79285aec53864bc3f0282a59c7c5,
frontend_mobile/constants/Colors.ts,26,3f1c5c32c6eaa9f43e65e4e9eb4712a39898fb34c251efd371db5c37a032a9b8,
frontend_mobile/constants/roles.ts,4,3a69d2478816fb62e85735dafc24bbea98b64d0773c15550d77ed68384417f43,
frontend_mobile/constants/theme.ts,53,2bc2c13a1b3a2a6eda7c9ec8dd2541cb58ca4835f68f8382983ebece5a441269,
frontend_mobile/context/AuthContext.tsx,542,aa9bb5fc20882ddd19d015679cabfd0b3cbd7cef43ba49334376d50e28f83dfa,
frontend_mobile/context/WorkspaceContext.tsx,229,937b182597bbd4654cb4c9fe67c790be5f590880a67beadbc3cd025bb6b8c31f,
frontend_mobile/eslint.config.js,10,3b0c823fd936f964905db962e66e92e24773b7085c0c82750a4d4f0b1808c41c,
frontend_mobile/features/notifications/NotificationsScreen.tsx,312,e7111615275cf3ed1656d9ccc2ea7b8a2c316ea2bd336ac896ffb1c03add72b7,
frontend_mobile/hooks/useColorScheme.ts,1,33beb965500ae5fdfe5c8699805a6be94c8c126a751fbe2ed7bcae87df394882,
frontend_mobile/hooks/useColorScheme.web.ts,21,84f19b5c1a8e941ab9868d2e83f6e61db11d3d9bf4fa91fac979bcd0fdc8019b,
frontend_mobile/hooks/useThemeColor.ts,21,ee61d68742baca077fd3b10a7e6cd7d173bfe5403403ec012e44a2bad5a036a5,
frontend_mobile/metro.config.js,5,75e822da51c12f97ceb453216f03b6619e4c954ecbc02a3b0bebc9c2782c27e9,
frontend_mobile/plugins/withAndroidManifestFixes.js,69,19306dbbfdcc5ea646ca581390b03795d52d2ad623003683d3d0b0ab7ea07397,
frontend_mobile/plugins/withIosNonModularHeaders.js,57,cedf4a42205ef307fda94e52d603692d496b65da379fd22f0fe584a95de86c7f,
frontend_mobile/react-native-ssl-public-key-pinning.d.ts,9,5b079f90e96e8305174bc94a6a82c784e9584c94f4760af527a3792da941b5b8,
frontend_mobile/roles/admin/post-shift.tsx,1,63ae4800939a0693b69eba059c11e07f99f3d33a05fad5f75ca5ea4188b99ed2,
frontend_mobile/roles/admin/shifts/index.tsx,67,42a4b0e0a6f2e7396d9e1036ec6a4983cd68ba9f630aa5a2671ef0cf112d36ed,
frontend_mobile/roles/explorer/availability.tsx,2,1b8a34a378cdaffbb3c2d6c87da17167d99f27bf79ada7630258a04436e05643,
frontend_mobile/roles/explorer/dashboard.tsx,272,3b8f2ca1291a1492f48f10523fbaa70586bbb202a385294df0c03ca6c62c73ea,
frontend_mobile/roles/explorer/profile-tabs/BasicInfoScreen.tsx,232,a2c9c5dc4583498ead60b0a9297c4cea6cfeee8f0e7989af15919286c872ffa7,
frontend_mobile/roles/explorer/profile-tabs/BioScreen.tsx,139,ef33e0bfb18eabc36ed1544066629da360e13777b57c8a91ffcb24d0069132b5,
frontend_mobile/roles/explorer/profile-tabs/IdentityScreen.tsx,236,9952e7f651348ec648bdc42b41142eeb6f8a37e3bdbebc7becf965d6e9c9847f,
frontend_mobile/roles/explorer/profile-tabs/InterestsScreen.tsx,104,d703df32638fa23ea0889600699655fa8bef53a48b622e87127e4b11f8fcac69,
frontend_mobile/roles/explorer/profile-tabs/RefereesScreen.tsx,159,14b1e994befaf90fd451caf884acf5805577c3afee403dfb2cc2b146b9696900,
frontend_mobile/roles/explorer/profile-tabs/shared.ts,53,c9e744a451b0b3ef79824f4dc512fdcc9e33c742f5b7f44c35cff1bf3cabd650,
frontend_mobile/roles/explorer/profile.tsx,401,3aa574fdfb2043ef8fedad63c0c9eaa8f4a3ab8c9a7018f9a20d350bb7ce69fa,
frontend_mobile/roles/explorer/shifts.tsx,9,f6287b6bf76e23745729ec378cf2202825fe0cefa11d99a337d5cf02031ee230,
frontend_mobile/roles/organization/dashboard.tsx,358,1bde659fee6ea8b2311cafc792ad2b9f98371cc6d6f036c08bf54fedea9ba3e5,
frontend_mobile/roles/organization/invite.tsx,740,45e630f6db9dcbf4266130e681c4ea5d3af78d12f0e106287240113d859314ca,
frontend_mobile/roles/organization/post-shift.tsx,1,63ae4800939a0693b69eba059c11e07f99f3d33a05fad5f75ca5ea4188b99ed2,
frontend_mobile/roles/organization/profile.tsx,462,f704a51ad7058c2c842c702846f3b138fdbd4adafa7cde0255bb91a6030743a8,
frontend_mobile/roles/organization/shifts/index.tsx,67,734aad39528d56834dcec36621e170c2193ed4e86e116fc69099c62d2ed1ed5d,
frontend_mobile/roles/organization/shifts.tsx,9,23499dd5d77c9df6c8d8ff2551e309faad77511691ea2969642b44f8d0b19baf,
frontend_mobile/roles/organization/talent-board.tsx,12,0f27b52f0fa2501c35a3f312f8a068c8836a7c70875df319197b1d00720d6546,
frontend_mobile/roles/otherstaff/availability.tsx,2,1b8a34a378cdaffbb3c2d6c87da17167d99f27bf79ada7630258a04436e05643,
frontend_mobile/roles/otherstaff/dashboard.tsx,751,d67b7524bc5ba72c59c9ae2739851e8455ee8376b984fde7728d77c03d03e092,
frontend_mobile/roles/otherstaff/memberships.tsx,1,7292c85c7af4c68cb53c00cfa9f35e8f9b803a0e1b910a2005581bc6737d3d5b,
frontend_mobile/roles/otherstaff/profile-tabs/BasicInfoScreen.tsx,216,292e60ca4e108941a8b9c17ae2af0fcc8a8007fbe2f3faea03a88030db8d6559,
frontend_mobile/roles/otherstaff/profile-tabs/BioScreen.tsx,139,ef33e0bfb18eabc36ed1544066629da360e13777b57c8a91ffcb24d0069132b5,
frontend_mobile/roles/otherstaff/profile-tabs/IdentityScreen.tsx,236,9952e7f651348ec648bdc42b41142eeb6f8a37e3bdbebc7becf965d6e9c9847f,
frontend_mobile/roles/otherstaff/profile-tabs/PaymentScreen.tsx,297,9df2f9ac4fc56c5db79e9a6836f3fa528392bdead886c55134e3ed789f0e5788,
frontend_mobile/roles/otherstaff/profile-tabs/RefereesScreen.tsx,159,14b1e994befaf90fd451caf884acf5805577c3afee403dfb2cc2b146b9696900,
frontend_mobile/roles/otherstaff/profile-tabs/RegulatoryScreen.tsx,229,1c5566eabd135c32e0658a5a401e1f1e04c18761f946b0c8e642c680196ac202,
frontend_mobile/roles/otherstaff/profile-tabs/shared.ts,53,1336cb2f5071591988cdf17ff7fd3b8052f269288862f1a3a6696021279eaa8f,
frontend_mobile/roles/otherstaff/profile-tabs/SkillsScreen.tsx,217,982d207924997af62347fc74f35c2494c46063da6ec0d7d885ef2cf0a2aefafb,
frontend_mobile/roles/otherstaff/profile.tsx,403,6141ebd93ae1518255ad27809b984b975be6b0fe7ae3a81fd9f733663041d705,
frontend_mobile/roles/otherstaff/publish-availability.tsx,6,ea44bacb2fad00be65856c23584a4252c24be28415515b4b3fd614db99f4b790,
frontend_mobile/roles/otherstaff/shifts.tsx,138,bceb81d7396c1544ed8de9688e74fe2e5bfacc54da5360e25388e209d9a942a4,
frontend_mobile/roles/otherstaff/talent-board.tsx,6,17f6e1b1293eea1915a4590e3f4d11ae28242883df6553da547a50bd1b663dab,
frontend_mobile/roles/owner/dashboard.tsx,555,ffc3e537773afa40e74cb2bb82edee86cc688adcef3cb5e15de5ce2d8621b2c7,
frontend_mobile/roles/owner/hub.tsx,37,70eb1d590012d2b075cb5562a55ed0fe3c5450fae0d9cb31d34dbea7140fca85,
frontend_mobile/roles/owner/locums/index.tsx,168,daf6c4a557cac0c1d20f679ceab49101f7fbef14e4c16101571e720ad2c3f7fc,
frontend_mobile/roles/owner/onboarding/_context.tsx,51,7c99f0f00d7061835d9a13c7c84497ba92cba4d8ab3391749f4f9e5f047c2ffe,
frontend_mobile/roles/owner/onboarding/review.tsx,240,9bbaaa8322c557a9651a86a716d8fa28e488b33c5804f0977bb5021ac591c56b,
frontend_mobile/roles/owner/onboarding/step1.tsx,170,9c373771b803a8bb1e6cb7100a85e0d418325b84343889409ea89522d8e7ec2c,
frontend_mobile/roles/owner/onboarding/step2.tsx,245,30b54a0abddeb52c4c634c6f3333b6d6123b8f5f133ccf82b236372a2218eaf1,
frontend_mobile/roles/owner/onboarding/step3.tsx,243,caa0f98c05328826345c9b5a07638126e78861330bfaffabfe0802d92286d0e1,
frontend_mobile/roles/owner/pharmacies/[id]/edit.tsx,19,080ad2efdf47234f65b51a8b914c52404d4109ece2f416dfde0fa2f2afc6cc33,
frontend_mobile/roles/owner/pharmacies/[id]/locums.tsx,52,bd41c3d6838a74082966ada3f01c6a533485f80f09be38f066c5cfbfb680e7e8,
frontend_mobile/roles/owner/pharmacies/[id]/staff.tsx,52,698f6fbc7a0bb5a63ccd9c344fa9bec7044478d8dc3ce48f718436c848abb690,
frontend_mobile/roles/owner/pharmacies/[id].tsx,122,a895e9d56d7d64940b9e65501f694bb83abe1080a7075fd3bc4de82a99a93338,
frontend_mobile/roles/owner/pharmacies/add.tsx,15,4c4397f945ebe36fe98339f8d07d4bb7da3a9632025a28745f7f11d8f9a2e20e,
frontend_mobile/roles/owner/pharmacies/index.tsx,237,676d279326dd7dae99891ab9b05106d175f4c594c7aa217ff35de0c1a986e178,
frontend_mobile/roles/owner/pharmacy.tsx,9,c7bf5330113a398028a60c280dba14e7364263e80511f0e630e148667e0549bd,
frontend_mobile/roles/owner/pills.tsx,1,156818a780740ab39c2ae50ac5fc95846c3b580e87d23fb835917ea3c74fd2ec,
frontend_mobile/roles/owner/post-shift.tsx,1,63ae4800939a0693b69eba059c11e07f99f3d33a05fad5f75ca5ea4188b99ed2,
frontend_mobile/roles/owner/profile-detail.tsx,696,807508b534db44c0fadcbded34c9f15f83acb22ec65941fd4bc858ca5f8a6add,
frontend_mobile/roles/owner/profile.tsx,562,e9a95adf42ec52d3989ba8ffcb9e3d9b01fa74d8c2af115732aecde930ae6632,
frontend_mobile/roles/owner/setup-onboarding.tsx,74,52ead56c13729b4c7c77bce44af982a269c71ac3f9584cc57d039c6979416e56,
frontend_mobile/roles/owner/setup-pharmacy.tsx,135,c34541113aba43862d3e07656767e04e1c559371c7673db6b0c2d41cbcba2309,
frontend_mobile/roles/owner/shifts/[id]/applications.tsx,396,8028a203e3edc5f67997eb3c3eec297202fe8630b98a2cfb37d9330f92786d0f,
frontend_mobile/roles/owner/shifts/[id].tsx,36,cef267188d77d41dd44721e550239c20f6780b114b5cfbc2ee4a59cabee35244,
frontend_mobile/roles/owner/shifts/create.tsx,398,46b8bc3ae604be692e12b7b0a6a871a5439e829cd0fd50dda02f993bbbc1c853,
frontend_mobile/roles/owner/shifts/index.tsx,67,4a9e21c2f6cdc78f205f60bb5bec8d970cbdbee91a7007bf9cba67d7eb9123a6,
frontend_mobile/roles/owner/staff/index.tsx,168,b6611ddecd777d199b155ec22642abf9f5c2c42ec0b2d0c19a1baec2064f9481,
frontend_mobile/roles/owner/subscription-seats.tsx,241,f2bde3b4201136f7c64ffcd101df8508892c8e3ec897387397c44f2ce2acf9ea,
frontend_mobile/roles/owner/talent-board.tsx,12,2127df50e76bbd9c0fa3a356180adb4cb2bce7cd93381a8bffe662f784b9c808,
frontend_mobile/roles/pharmacist/availability.tsx,2,1b8a34a378cdaffbb3c2d6c87da17167d99f27bf79ada7630258a04436e05643,
frontend_mobile/roles/pharmacist/chat.tsx,1,2f7234d4535209bc3e4a0d9bef7d1fa919c6acc5d2ffd440c6c9ff1207ee530f,
frontend_mobile/roles/pharmacist/dashboard.tsx,878,6c8cf54adfa30c5585603c62dec7bc7f8a36c73ecd441f40838796c37f3d8682,
frontend_mobile/roles/pharmacist/index.tsx,24,4b6d1611f1a9e9894b40f690efb13deb2050f9788577303eacb231075ca51402,
frontend_mobile/roles/pharmacist/interests.tsx,100,65d1e6fe3704081ef990c5ccf00390fc1a417b72bb28e4253e877f892b0d6267,
frontend_mobile/roles/pharmacist/invoice/[id].tsx,315,3a5cdbc8f5becb1b16efc2459dea591a1c96a6afaa320ba39a8372830fcb2cf3,
frontend_mobile/roles/pharmacist/invoice/new.tsx,432,a1809bcc6c797a84f2862dd061f999535e60f7ebf015075a8fc6ee80132050a9,
frontend_mobile/roles/pharmacist/invoice.tsx,260,98639cf06febdb954b5ab264995a70ec9d2fbf7b04f5e82fe49efa11e950b109,
frontend_mobile/roles/pharmacist/learning.tsx,100,2064e14f99f3a8f22c4c9f6af72afb1ca4a0702d1d57e33a47ce0d02d6656e46,
frontend_mobile/roles/pharmacist/memberships.tsx,1,7292c85c7af4c68cb53c00cfa9f35e8f9b803a0e1b910a2005581bc6737d3d5b,
frontend_mobile/roles/pharmacist/messages/[id].tsx,344,86fb8c0b1a49472d0297a74151303f6d2149877737827999728c6ee591bda2b4,
frontend_mobile/roles/pharmacist/notifications.tsx,1,daa69d2ca4b1d26541196379b4ba11f90d68849a7f72b7a54613806b27fa4255,
frontend_mobile/roles/pharmacist/onboarding.tsx,335,10ab545d84f615defdae57453a834bd5139887cf5537699443bb272955697698,
frontend_mobile/roles/pharmacist/profile-tabs/BasicInfoScreen.tsx,260,1ed9ac1da279b0968f75476540bfe48150a03ffab4bf4051af6a9d5e4f95a0d9,
frontend_mobile/roles/pharmacist/profile-tabs/BioScreen.tsx,139,ef33e0bfb18eabc36ed1544066629da360e13777b57c8a91ffcb24d0069132b5,
frontend_mobile/roles/pharmacist/profile-tabs/IdentityScreen.tsx,236,9952e7f651348ec648bdc42b41142eeb6f8a37e3bdbebc7becf965d6e9c9847f,
frontend_mobile/roles/pharmacist/profile-tabs/PaymentScreen.tsx,297,9df2f9ac4fc56c5db79e9a6836f3fa528392bdead886c55134e3ed789f0e5788,
frontend_mobile/roles/pharmacist/profile-tabs/RateScreen.tsx,147,90d296c282820cbec971f5ce14a095ac9585aa7a2797f943b6ff99b16ceee9b5,
frontend_mobile/roles/pharmacist/profile-tabs/RefereesScreen.tsx,159,14b1e994befaf90fd451caf884acf5805577c3afee403dfb2cc2b146b9696900,
frontend_mobile/roles/pharmacist/profile-tabs/shared.ts,53,d4e7193c8399a8e88ad37a10e8f1046a140a9bb18c3ae8a3a8b83e869f88e889,
frontend_mobile/roles/pharmacist/profile-tabs/SkillsScreen.tsx,215,275a8a81a2341190392357a1b6df35fa0254d2da16ad2e56dbb4fd77c5cf5230,
frontend_mobile/roles/pharmacist/profile.tsx,501,88f2541458e48356fa3a36fe8fcf354f26c3dbd8b42d5594728cf531a8c3d8d0,
frontend_mobile/roles/pharmacist/publish-availability.tsx,6,02390439cf9041aaeec9665d3bfb9dacc5f8aec442842053810d41efe637468f,
frontend_mobile/roles/pharmacist/shifts/[id].tsx,285,4a23896ca9571bf0d1322c9b7179b2be4685d65dad3b09f90d2ddfcdd19c132b,
frontend_mobile/roles/pharmacist/shifts/index.tsx,138,f45e16317f003ee0304757aa9d31b78ee17f503980514e7f6426970b79a8371e,
frontend_mobile/roles/pharmacist/talent-board.tsx,6,b768bbc7d955493fa7d2c3467ec11baa2495d049d62370fab3af56939bd89274,
frontend_mobile/roles/shared/availability/AvailabilityRadiusMap.native.tsx,38,64e3e1f79b57c08031b0a503188c98969d767eff4fc1d9e43c00c31aec6f90bb,
frontend_mobile/roles/shared/availability/AvailabilityRadiusMap.tsx,18,9d79dbb436c80c306b775c17ced4aae25f61d7381ae104439cdb03cdad5630ca,
frontend_mobile/roles/shared/availability/AvailabilityRadiusMap.web.tsx,12,c6acc596f9039e62a686eb5f19fb2a8667562364f11c672b60fb28fac61bd21e,
frontend_mobile/roles/shared/availability/SetAvailabilityScreen.tsx,1004,647fdd97682eb4061b062df622e747bc4bb583a27b69f535c29bf26288f88fd9,
frontend_mobile/roles/shared/calendar/index.tsx,1655,175276c94484cf94d037bf3cc30412f17a0c2d9031a58cf7f7be10008db99c78,
frontend_mobile/roles/shared/chat/activeRoomState.ts,9,43822889b9e6fe1b3069ece63414adfe998584ec314bdad5cfc1c22d2106c983,
frontend_mobile/roles/shared/chat/ChatListItem.tsx,120,ad18aa2b28af80d257164534c93d3bbe067116652981063dba383a05d652bc50,
frontend_mobile/roles/shared/chat/ChatPage.tsx,303,4ac6b099c367f17ec6e7c213e20ee26d471b5a50e380a15e96a6ffcedd1da7af,
frontend_mobile/roles/shared/chat/ChatSidebar.tsx,274,24b825b13964ebf6261c353c928751d58946b1451854fa61115789374797a79e,
frontend_mobile/roles/shared/chat/displayName.ts,13,f95d5620ef8a914f6857d7f1097d5bcf0ef00f1d76b1e064879e1c9899c82ccd,
frontend_mobile/roles/shared/chat/GroupManageModal.tsx,259,6f15bf751197a0a999d6dcfab14e2d7f3cd18ac24c11fcfecb3c48fda9cd090d,
frontend_mobile/roles/shared/chat/hooks.ts,110,7c81fa7f059285da7b0ab6865c43ab54200dbde1cdb70a076f9aac8cfad7ac67,
frontend_mobile/roles/shared/chat/NewChatModal.tsx,170,c08149c8abc7b6d12e9d01500b1130be8717cae46c69d11f5775fb9d481395b3,
frontend_mobile/roles/shared/chat/NewGroupModal.tsx,166,c1704d9ae967fb2d74cc9c9d818d5d5668bfbc180f48fa352c5dbfae930d1248,
frontend_mobile/roles/shared/chat/types.ts,20,dc7fbd69ce84f4f3364d773e1632b73e3d0c2692ff53f387f17c53ebad1f899e,
frontend_mobile/roles/shared/chat.tsx,1,48885255c36cf49db2dccd3a7d6d12f65ab5b757368d0f576a37517ad18dd485,
frontend_mobile/roles/shared/dashboard/dashboardScope.tsx,559,e39ba6606de2971cd003aab15d542e669c3e91ee205efbcdd4b2e45511811c04,
frontend_mobile/roles/shared/forms/UnsavedChangesDialogProvider.tsx,107,578746441819a74a4acc69f2f1049b5592ef9b32853af0e0462038be65b322ba,
frontend_mobile/roles/shared/forms/UnsavedChangesRegistryProvider.tsx,55,b1aaf12d767860d29881f0a0cec59d531f93ef7614bb3178f352209054acc86e,
frontend_mobile/roles/shared/forms/useUnsavedChangesGuard.ts,207,91de3ae5fd80739fad9a907f1a67efeb2b5b43d1a666496951c8dccf0a7d8199,
frontend_mobile/roles/shared/hub/api.ts,170,eb9aa5575143f6c03ff96ec9ef35e09eb96184b689f6f534a5b792d31f480e6c,
frontend_mobile/roles/shared/hub/HubFeed.tsx,952,42c50cf735b86644b67cedb3fd34b8e32bb19b38c1a9d7feddaf34bf27faee83,
frontend_mobile/roles/shared/hub/HubPlaceholder.tsx,23,3a8c74ea46fa47c26c2d4ae60d3bab79e597435240d5f2e305ab681d17c074fe,
frontend_mobile/roles/shared/hub/HubScreen.tsx,1438,48123aa71a9604c5b905d402d25333b24a37ec86f79b52eaf662664d5147f778,
frontend_mobile/roles/shared/hub/hubUtils.ts,79,3e4e68f35fb65b014615b830459f115764a4bbc154f868bc308a5677f81c0417,
frontend_mobile/roles/shared/hub/PollComposer.tsx,185,e1f5b0fe7fe6651d417e823f2c7477a4ac09f5095de7bf5b8db17a877ab8fade,
frontend_mobile/roles/shared/hub/PostCard.tsx,376,1ed0b38aee875e7188136b8e81edb8889baa0b74b252770e6522c37183d7b08b,
frontend_mobile/roles/shared/hub/PostComposer.tsx,390,b71f6cf92eea9639311aff1dca140483225acddacba120ba4e0ba73b47aadc88,
frontend_mobile/roles/shared/hub/submissionGuard.tsx,57,673a7dd6346819a0eca6b7900f647d8c868fa8e8347417aedb7eeae872af92c4,
frontend_mobile/roles/shared/hub/types.ts,26,3f7fdc3162028c7492f701382387c4c9df493cd29d660d7fa15d35347699c068,
frontend_mobile/roles/shared/invoices/InvoiceDetail.tsx,678,9aedbe1d23b8095aceaa340240ac7f2aff75125e4b9d20938655d6a2195cd935,
frontend_mobile/roles/shared/invoices/InvoiceGenerate.tsx,915,1196f442b2eae95e89e7d112720dd5c23c15967c476e9ba1ae681a3d863e1d38,
frontend_mobile/roles/shared/invoices/InvoiceList.tsx,386,bfa55fab7fe5b01ddb395ae4b7c4fcb3e1f7cf83f08034a45a4e8673afcf9e47,
frontend_mobile/roles/shared/invoices/InvoicesPlaceholder.tsx,23,e5ed93db4e5f88e208812b086332694310e893aeeda29a39706764ba2d34f20a,
frontend_mobile/roles/shared/invoices/invoiceStats.ts,71,00f921953f300e75b56f8d4295feba38b27cca0d479311725de51785492f9d7d,
frontend_mobile/roles/shared/invoices/MobileInvoiceStats.tsx,137,b2f3ada88692cffef02f69f85759858f7e8bff6c3b8e60782607413c191d8888,
frontend_mobile/roles/shared/ManageMembershipsScreen.tsx,224,c852c1b0ef07f6e191fa20390b693b9f3167b968778cda5fbf2e6c5280420653,
frontend_mobile/roles/shared/messages/[id].tsx,988,583d3700c93af4ace6c890daabc6165e9f35f4475550cc9078d0dc9a75cb16f7,
frontend_mobile/roles/shared/messages/useLiveMessages.ts,92,5a9ca8435185917bcbe7128db629179ee3dc4d03026180f9969abc0785a13920,
frontend_mobile/roles/shared/pharmacies/GooglePlacesInput.tsx,323,043762c132dc3db13b23e019a4df7d548defd73fe3191f2e465aa0e2b18e98af,
frontend_mobile/roles/shared/pharmacies/inviteUtils.ts,43,dfdaf3f3d147dcb59679479647c62e1c9f8e75a36c5e1c70c52a6a2e1ac4182c,
frontend_mobile/roles/shared/pharmacies/LocumManager.tsx,899,97126427b05ae9f0cdd398f20d6820dceff2559edd9424c78f81589480a4d2f6,
frontend_mobile/roles/shared/pharmacies/membershipApi.ts,31,ba354bf118bd678d01dbf2cf8fe7acee4f7943185e913d32a9601ee49cb2b028,
frontend_mobile/roles/shared/pharmacies/MembershipApplicationsPanel.tsx,380,dbc4fedeb4cc13c1dcebdd5992c1f26edbc2e01ae64e5d225bb75295d69910ba,
frontend_mobile/roles/shared/pharmacies/PharmaciesListView.tsx,446,7b9ccabee3b452dcc0b046e8c59b744858b180abadf73b11ad0099d2e0d4da56,
frontend_mobile/roles/shared/pharmacies/PharmacyAdmins.tsx,455,cd9ea7931abd12372680090e17a35ddc19312c199df58aa9ea3f096f5b829795,
frontend_mobile/roles/shared/pharmacies/PharmacyDetailView.tsx,206,a9e6f3f55b75a9115811a0c6985b21b7ceb1d76b21713e0a200cae38d6c75523,
frontend_mobile/roles/shared/pharmacies/PharmacyForm.tsx,1864,29dd9231e245dc7a44d334a9b7f037ff1ca4ed6cbc6660c1f38cd5e84828b373,
frontend_mobile/roles/shared/pharmacies/PharmacyOverviewContainer.tsx,503,4bd5544a7b3805afdec641ca4373fabed4ddc4631e6211d86bdf7276b2abc0f1,
frontend_mobile/roles/shared/pharmacies/StaffManager.tsx,982,83cb9031a689d50d70132cb905264cff163eb76e99767ffa71813bac216ec515,
frontend_mobile/roles/shared/pharmacies/types.ts,46,ae543295fbaf3ff5c6dcd21bf7e95789dffc31664da3cb234fef57265289c046,
frontend_mobile/roles/shared/pills/PillsScreen.tsx,487,6926ddd068c947d4e63dc75e23bbe604e2eb164e5794bbbd5e2597100beeae61,
frontend_mobile/roles/shared/shifts/ActiveShiftsPage/components/Candidates/CommunityLevelView.tsx,171,28a356783ecadc065cc71bfc62caaa020a9e3bb7cfebf85c54444a12d811b66b,
frontend_mobile/roles/shared/shifts/ActiveShiftsPage/components/Candidates/CounterOfferList.tsx,96,c3c2e9d01c196f4a303c601707d3321581c8cf62b8160ba456196b4b68ad31b5,
frontend_mobile/roles/shared/shifts/ActiveShiftsPage/components/Candidates/PublicLevelView.tsx,434,3a559b6812a6c68ef75d7ba573e65dc7ac419e4292ef974af02f3e2480ae2cf0,
frontend_mobile/roles/shared/shifts/ActiveShiftsPage/components/Candidates/SlotSelector.tsx,235,f680127e874aeb28dea9c6ffee64bf36b29915ef485291167906efbed1d53086,
frontend_mobile/roles/shared/shifts/ActiveShiftsPage/components/Candidates/StatusCard.tsx,508,63c4e20ec96f6e5a43e8ea664e8e0720ff44c8cc57b04a47b1b6b70af7aa1286,
frontend_mobile/roles/shared/shifts/ActiveShiftsPage/components/Dialogs/CounterOfferDialog.tsx,326,5293fe9e0de7166ec536fde9a9d506d67a08bd3b4e8b2f8b5ed04a896048a959,
frontend_mobile/roles/shared/shifts/ActiveShiftsPage/components/Dialogs/DeleteConfirmDialog.tsx,42,5d45cc366e7b80a363675205b1bd7668086e3f31de17af1aed8a164ed4f3d8af,
frontend_mobile/roles/shared/shifts/ActiveShiftsPage/components/Escalation/EscalationStepper.tsx,367,481432d1fd72313f13f71f349a9a77ae77c93e3ac2a1dfcbc3d59a6f8336afbd,
frontend_mobile/roles/shared/shifts/ActiveShiftsPage/hooks/useCounterOffers.ts,112,14fcf2504e5d5154713155bfae9e50c98f5d4e5005613e80b60dd53898d9290f,
frontend_mobile/roles/shared/shifts/ActiveShiftsPage/hooks/useRevealInterest.ts,62,5c195da7bc1db53d8e77e2f8cacf6eb09981a96e3114c3bde6123a9aac0eaa48,
frontend_mobile/roles/shared/shifts/ActiveShiftsPage/hooks/useShareShift.ts,49,baad481625e71b5315dc31f3763ab8c058b2ef114929540cbd5a473c102384e2,
frontend_mobile/roles/shared/shifts/ActiveShiftsPage/hooks/useShiftActions.ts,83,ed3ae35d3051408774a5d7cf1f2d9012cefa1b3ac5cb08564116b91f8b0aad9e,
frontend_mobile/roles/shared/shifts/ActiveShiftsPage/hooks/useShiftsData.ts,44,3a15f0876ca66f589c9c998ba46498ed56f22061539995fbd386dd8f70d5d0a3,
frontend_mobile/roles/shared/shifts/ActiveShiftsPage/hooks/useTabData.ts,107,512caa862f3d2c01118fc5b1509c8d226c3a7b7ce89eb20b5cebd2332c7f9ad3,
frontend_mobile/roles/shared/shifts/ActiveShiftsPage/hooks/useWorkerRatings.ts,53,df3b27769eacfafd5dda655d3a9674857a74526178eb3dcf64226063d07e9b04,
frontend_mobile/roles/shared/shifts/ActiveShiftsPage/index.tsx,1917,4db9d7f35b7f19ffc18ba6a194371380ddfd8661bfe319c8631092951a1408a2,
frontend_mobile/roles/shared/shifts/ActiveShiftsPage/theme.ts,37,3b3befe1861c5f4fac48fd5b5d903326e066cd119ca842d086a2be058b558274,
frontend_mobile/roles/shared/shifts/ActiveShiftsPage/types.ts,45,31860039b95ec88cc5fa625f9b4954989e6e749d3b5b46635beaba3717f88ee5,
frontend_mobile/roles/shared/shifts/ActiveShiftsPage/utils/candidateHelpers.ts,90,fb831bdddb6b55e283b311e908e2413c7745931cd4819871e6c37c7aab6b4a69,
frontend_mobile/roles/shared/shifts/ActiveShiftsPage/utils/displayHelpers.ts,38,106624b68dd44359e64f44cb2841faffc3bb552ebe55dafbf20374673dd51286,
frontend_mobile/roles/shared/shifts/ActiveShiftsPage/utils/offerHelpers.ts,73,8d6cf52718f57fc01b0b87fee3d41c0ce95462a75b667210692f53eea6927df0,
frontend_mobile/roles/shared/shifts/ActiveShiftsPage/utils/shiftHelpers.ts,76,265168b047d0fae61625f6ee0bfbf7b5311a777e5969b3f58043c84363025689,
frontend_mobile/roles/shared/shifts/ActiveShiftsView.tsx.backup,913,e3861ba2b55610c6e9cbd293fb674bc45b6c90fbdb22f6fb52f2cf2bea27cc1c,Backup/temp candidate; verify imports before removing
frontend_mobile/roles/shared/shifts/CommunityShiftsView.tsx,626,8c1abee1cc9c4e28ddb1b8f67ec427d7fdfaab1906f6eadce6f47cca10df1912,
frontend_mobile/roles/shared/shifts/ConfirmedShiftsView.tsx,158,6cd714105ce8e885bda61c5beb78824cfce24cf5382d9d96ce41b7ac105efd4f,
frontend_mobile/roles/shared/shifts/HistoryShiftsView.tsx,250,e2789f3f8b41baeec1a6f08f22908c066f8715fd1772590c607029403bf22574,
frontend_mobile/roles/shared/shifts/OwnerAssignedShiftBoard.tsx,658,6626d0a3cd683bc0bd36342f514a991870747a5843aec3c43f020863c01d1327,
frontend_mobile/roles/shared/shifts/PostShiftScreen.tsx,2829,6635226fd11ef5cc43af6d02daf045bc083a5a65ff3f03e43ff40e1b0e63f959,
frontend_mobile/roles/shared/shifts/PublicShiftsView.tsx,632,2d989fbb41b50b6dba92cc13018c76feb020f5dbe9be0eba253eaba4a4342ea7,
frontend_mobile/roles/shared/shifts/ShiftBoardTabsPage.tsx,82,3a7dbc4385a964986d4e6920539cbeed776dd659f9cc8a486c91b013616bc487,
frontend_mobile/roles/shared/shifts/ShiftsBoard/components/CounterOfferDialog.tsx,402,a6be9e5457a34d710e6301ae7cbb3db44cdf5d44d47ab76c1661879a16a057a3,
frontend_mobile/roles/shared/shifts/ShiftsBoard/components/FiltersSidebar.tsx,342,310f009e6fe75d37124f11d43ca434915d125c73c7ce95609a3ca82a8b2318d6,
frontend_mobile/roles/shared/shifts/ShiftsBoard/components/ReviewCounterOfferDialog.tsx,82,f3077bd9947b2f402e114db90d38185dc684f1c7c2aae0be814861556c73a75d,
frontend_mobile/roles/shared/shifts/ShiftsBoard/components/ReviewOfferSlotList.tsx,87,8b4f7550c165248ce91dcc7a77a07e37d678d9a7e3bb72d3215140f8a909f04f,
frontend_mobile/roles/shared/shifts/ShiftsBoard/components/ShiftList.tsx,917,569bade4d22bf403e50bf691219ea4e314a6886dcab43b9cf47fab4894ad42b5,
frontend_mobile/roles/shared/shifts/ShiftsBoard/constants.ts,34,686b99981bafaab7ea1ad61d088ae1c6e990f367f6645d6b48eb4dd0646e7a03,
frontend_mobile/roles/shared/shifts/ShiftsBoard/hooks/useCounterOffers.ts,498,b1464fdd1fb3348971f888d024ab6abfa7ac13744125bd95800798e044097226,
frontend_mobile/roles/shared/shifts/ShiftsBoard/hooks/useFilterSort.ts,398,6f971500ae427d4331812aba3d2fcf9698d3f143ec9070f7f93a7663408ed24f,
frontend_mobile/roles/shared/shifts/ShiftsBoard/hooks/useReviewOfferDisplay.ts,31,5b4ea40bebbcba41d841d891920023da26f346331e824b149871d1940c7d187f,
frontend_mobile/roles/shared/shifts/ShiftsBoard/hooks/useShiftPersistence.ts,173,dbfe8e2db896f6580f17ae6df86b602081b8a26d71681445313735240a9b980e,
frontend_mobile/roles/shared/shifts/ShiftsBoard/index.tsx,850,aa0783e4ce988445fd47a3b5c01c9a7ae5da1e34adde2c6eac1808b9153fc0ac,
frontend_mobile/roles/shared/shifts/ShiftsBoard/types.ts,115,9b8a3b6bdacedffd0bc5ffbd8cd59f3578568b30314fd3d14c7aa7c210563643,
frontend_mobile/roles/shared/shifts/ShiftsBoard/utils/counterOffers.ts,28,ce7a0fb33ef5933643142a34d4b616b781219fb195074b383f5a79f4fd97de17,
frontend_mobile/roles/shared/shifts/ShiftsBoard/utils/date.ts,25,d80108a917a4ae061cd97cc6029bbac1222c396ecf8fbbdd4fe4659bd2c41fe8,
frontend_mobile/roles/shared/shifts/ShiftsBoard/utils/location.ts,37,1188f3fe95d5084bce3b42e604f3b412a788d9518d53fa2c2c9c230ddd362e81,
frontend_mobile/roles/shared/shifts/ShiftsBoard/utils/rates.ts,108,ea91f25ca33e4edd743c9e52f0b28d5a6c67766744cdf88de129875810318daf,
frontend_mobile/roles/shared/shifts/ShiftsBoard/utils/shift.ts,173,0bb7f1b20f18533c11fd7289dd7bee4236e32dde1ff77d3d804ad6689168ea36,
frontend_mobile/roles/shared/shifts/utils/getShiftPharmacyName.ts,11,0860b147fedd16a520d883981140aff5029e4191f092fe6bacf9a15c8953ec20,
frontend_mobile/roles/shared/shifts/WorkerConfirmedShiftsView.tsx,317,a75e9d5249c88973351dbcc7bbd99755194a5e2afccae0b05e0416a0ad6e08be,
frontend_mobile/roles/shared/shifts/WorkerHistoryShiftsView.tsx,292,176a90da5979b845da60bf25c8bed3be7835e2a16889779877066bd0a78bbc15,
frontend_mobile/roles/shared/talent-board/components/AvailabilitySidebar.tsx,196,482082a56cd1c69a9d081815cc2c6ee96be3c971890f679e489e1272290bf788,
frontend_mobile/roles/shared/talent-board/components/FiltersSidebar.tsx,240,713cab88fa47c6c5c9d0f4574adaaef7e5fd254c53f2fd39a43f277193b96455,
frontend_mobile/roles/shared/talent-board/components/PitchDialog.tsx,757,3971748a5c3ae2f29d8aa0247a3a4afb2853ff43b67947a145937023599fc88f,
frontend_mobile/roles/shared/talent-board/components/TalentCardV2.tsx,243,5325dc9b0bbda5cc891c21cfa23ce5357969fe53c4c435062753fec5c42b6b1c,
frontend_mobile/roles/shared/talent-board/constants.ts,21,5ac1052cb463f6314399b2bc5afd927c67953b717935e06e0990719af9828928,
frontend_mobile/roles/shared/talent-board/hooks/index.ts,2,70929edfcaa249a74030e48d34aa3ac1b9b75059abdee6c8e8822b650355b20d,
frontend_mobile/roles/shared/talent-board/hooks/useTalentFeed.ts,73,e318786b45f2996c82e6edb5f238cf4d87a1d1ce2da8371aca3a5fafe9f8db23,
frontend_mobile/roles/shared/talent-board/hooks/useTalentFilters.ts,90,bb4459087d5ee1ad1a76207ce4aef6a5c9a21c774f6d3a1fbc794394a9e11b55,
frontend_mobile/roles/shared/talent-board/index.tsx,728,6bf54940db8862dab9d2d9a3237a1f7f4b29334596e7dac990f787607fdb297c,
frontend_mobile/roles/shared/talent-board/types.ts,58,7faf23992f8e4b2e2d052f342851a9b6791c7329db4cee1e09a07afd8a84f195,
frontend_mobile/roles/shared/talent-board/useTalentFeed.ts,73,e318786b45f2996c82e6edb5f238cf4d87a1d1ce2da8371aca3a5fafe9f8db23,
frontend_mobile/roles/shared/talent-board/useTalentFilters.ts,90,704903e0e84da05814028516529422c11038fd9dfe542e9ce2c465eb8a63577a,
frontend_mobile/scripts/reset-project.js,112,cdb729cfc560944bfc199c18c638153c6537e507e3e86f50cba0ac6be8543c26,
frontend_mobile/utils/apiClient.ts,129,420df543be18097b5201f98af91ce6690d86c96f4aced7da475d63c6b86c949a,
frontend_mobile/utils/appUpdates.ts,111,36460113cd74b3955c671b5bf5f4d12324284ff96bd78e4014ca0df9ecabe148,
frontend_mobile/utils/authSession.ts,277,9c9a9bf45a8bddb1391ee06cfdfa177bc75cc62f8e56ff62d4fa4f57b9bb8995,
frontend_mobile/utils/biometricAuth.ts,115,73e4b8159020ef25b077c262326440fdb557a0d9a81c681457c019ca2d514a0a,
frontend_mobile/utils/chatRoutes.ts,19,e90867f35f5b8172285ed7cb800ab6eee03c924cabac1653709d4d3f6373346b,
frontend_mobile/utils/networkDiagnostics.ts,64,47d3e3819f06027f1c3d97df25f403843ba9a32f41708988b089883bce40ce9b,
frontend_mobile/utils/notificationNavigation.ts,349,2f74da9ea78ceec3cd324699c1da5035dcf66779092ec7f181cb1786d4d8dc8b,
frontend_mobile/utils/ownerSetup.ts,133,f0eaa4f2d01a93db0322958079c1750a98ad376985d46b94b5f24937e6ce3518,
frontend_mobile/utils/pushNotifications.ts,150,ecc008aec1bc4530ab4cf86383221ad2175ea699b4aafb53d1afb72414e27d2f,
frontend_mobile/utils/secureStorage.ts,23,aac64b2b86199201aa68ed62b899f07f19ce0990cbfb20713e8af27c5b6bd01f,
frontend_mobile/utils/sslPinning.ts,107,92a5bd15acb5c70c4fe3d60903dba86e6246abc4583206a4d51e499a4d8171e1,
frontend_mobile/utils/unread.ts,14,e6f0d88ff96f9d77ed3afa4cfaff8814c2b497074af397e2d39669c742c8f537,
shared-core/src/api.ts,2716,7ac4fae6b1fdbba04cedb78178a6bdbab01f4d9cf6122d6156de460ed907d120,
shared-core/src/constants/capabilities.ts,20,7abe789d33d5ce5914002f833c3a482d64285b64a31b926803fe35c0dc506a12,
shared-core/src/constants/colors.ts,20,649015cd60f94d3de6235a1992c211aad5fd13b8a6c847ea58ed7af243013312,
shared-core/src/constants/endpoints.ts,217,a4c5460daaa903a0a42d23be8c52594b1a4bc71ad86bba92238b969d41590c7c,
shared-core/src/constants/personas.ts,15,bac1a04fbeeb9214f3b4f9c14f52dfabcc8c2fa829c63a47c25093d9ba6c3da5,
shared-core/src/constants/roles.ts,171,8f94ab7ca5fdbb1567ba8971d12ef4b601719ff3b05b9e0c064cb0619d241500,
shared-core/src/domain.ts,248,d456a6abd091ce9e3f5ba79ddcc19b0eebac160fb7d74c197137804fe90d2144,
shared-core/src/index.ts,27,8d966518bba6076cd8f45f4523cc3141bf1aca464479da449932c96e32d93545,
shared-core/src/storage.ts,37,78399b72601421c888eb8071d685caba9f649e6e395b4059ce82140a07323548,
shared-core/src/types.ts,1348,ccd6107b1f8acd866d89160261993a21d458dacf95a2711a81099b5d6cbc0b55,
shared-core/src/utils/pricing.ts,82,621a6fbf469a77a66a4f42154e3d7461b627e0aea63f1865b839b8192433da55,
scripts/run-with-env.mjs,56,c36a174425ab8f10c4a99014537bdfdf516b4d6e0971f043f1086e6be35cfd1e,
